-- SCRIPT PARA SUBIR TABLAS A LA DEMO REAL

CREATE TABLE IF NOT EXISTS demo_area (
    area_id INTEGER PRIMARY KEY,
    area_name VARCHAR(255),
    description TEXT
);
TRUNCATE TABLE demo_area CASCADE;

INSERT INTO demo_area (area_id, area_name, description) VALUES
(1, 'Inclusion Social', 'Implementacion territorial de programas en CIS'),
(2, 'Desarrollo Humano', 'Programas de bienestar y desarrollo personal'),
(3, 'Salud', 'Apoyo psicoemocional y bienestar integral'),
(4, 'Educacion Formacion', 'Capacitacion y aprendizaje continuo'),
(5, 'Gestion Innovacion', 'Medicion impacto y mejora continua'),
(6, 'Administracion', 'Gestion contable y financiera'),
(7, 'Logistica y Operaciones', 'Gestion de infraestructura de CIS');

CREATE TABLE IF NOT EXISTS demo_role (
    role_id INTEGER PRIMARY KEY,
    role_name VARCHAR(255),
    permissions TEXT
);
TRUNCATE TABLE demo_role CASCADE;

INSERT INTO demo_role (role_id, role_name, permissions) VALUES
(1, 'Administrador General', 'full_access'),
(2, 'Coordinador Territorial', 'manage_centers'),
(3, 'Facilitador Bienestar', 'manage_programs'),
(4, 'Analista Impacto', 'view_reports'),
(5, 'Instructor Corporal', 'deliver_sessions'),
(6, 'Usuario Prueba', 'basic_access'),
(7, 'Director de Sede', 'manage_local');

CREATE TABLE IF NOT EXISTS demo_user (
    user_id INTEGER PRIMARY KEY,
    email VARCHAR(255),
    name VARCHAR(255),
    role_id INTEGER,
    area_id INTEGER,
    status VARCHAR(255)
);
TRUNCATE TABLE demo_user CASCADE;

INSERT INTO demo_user (user_id, email, name, role_id, area_id, status) VALUES
(1, 'victoria@nexus.com', 'Victoria Admin', 1, 5, 'active'),
(2, 'coordinador.cis@nexus.com', 'Coordinador CIS', 2, 1, 'active'),
(3, 'bienestar@nexus.com', 'Facilitador Bienestar', 3, 2, 'active'),
(4, 'evaluacion@nexus.com', 'Analista Impacto', 4, 5, 'active'),
(5, 'instructor@nexus.com', 'Instructor Corporal', 5, 2, 'active'),
(6, 'usuario.prueba1@nexus.com', 'Usuario Test 1', 6, 1, 'active'),
(7, 'usuario.prueba2@nexus.com', 'Usuario Test 2', 6, 2, 'active'),
(8, 'usuario.prueba3@nexus.com', 'Usuario Test 3', 6, 3, 'active'),
(9, 'usuario.prueba4@nexus.com', 'Usuario Test 4', 6, 4, 'active'),
(10, 'usuario.prueba5@nexus.com', 'Usuario Test 5', 6, 5, 'active'),
(11, 'director.norte@nexus.com', 'Director Zona Norte', 7, 1, 'active'),
(12, 'logistica@nexus.com', 'Encargado Mantenimiento', 6, 7, 'active'),
(13, 'medico.jefe@nexus.com', 'Responsable Salud', 3, 3, 'active');

CREATE TABLE IF NOT EXISTS demo_kpi (
    kpi_id INTEGER PRIMARY KEY,
    kpi_code VARCHAR(255),
    kpi_name VARCHAR(255),
    domain VARCHAR(255),
    unit VARCHAR(255),
    polarity VARCHAR(255),
    description TEXT,
    calculation_method TEXT,
    collection_method TEXT,
    frequency VARCHAR(255),
    owner_area_id INTEGER
);
TRUNCATE TABLE demo_kpi CASCADE;

INSERT INTO demo_kpi (kpi_id, kpi_code, kpi_name, domain, unit, polarity, description, calculation_method, collection_method, frequency, owner_area_id) VALUES
(1, 'BURNOUT_IDX', 'Indice de desgaste del staff', 'Staff', 'score_0_100', 'lower_is_better', 'Nivel de desgaste percibido por el staff', 'Promedio encuesta corta 0-100', 'Encuesta anonima', 'monthly', 5),
(2, 'ABSENT_RATE', 'Tasa de ausentismo', 'Staff', 'percent_0_100', 'lower_is_better', 'Ausencias sobre dias programados', '(Dias ausentes / Dias programados)*100', 'Registro de asistencia', 'monthly', 5),
(3, 'TURNOVER_RATE', 'Rotacion de personal', 'Staff', 'percent_0_100', 'lower_is_better', 'Cambios de dotacion en el periodo', '(Bajas / Dotacion promedio)*100', 'RRHH/Registro', 'quarterly', 5),
(4, 'STAFF_SELF_EFF', 'Autoeficacia del staff', 'Staff', 'score_0_100', 'higher_is_better', 'Percepcion de capacidad para intervenir efectivamente', 'Promedio encuesta 0-100', 'Encuesta anonima', 'monthly', 5),
(5, 'INCIDENTS_CNT', 'Incidentes y conflictos registrados', 'Dispositivo', 'count', 'lower_is_better', 'Conflictos/episodios registrados en el CIS', 'Conteo de incidentes por periodo', 'Registro operativo', 'monthly', 1),
(6, 'SAFETY_CLIMATE', 'Clima de convivencia y seguridad', 'Dispositivo', 'score_0_100', 'higher_is_better', 'Percepcion de convivencia respetuosa y seguridad', 'Promedio encuesta corta 0-100', 'Encuesta breve', 'monthly', 1),
(7, 'ACTIVITY_CONT', 'Continuidad de actividades', 'Dispositivo', 'percent_0_100', 'higher_is_better', 'Actividades realizadas vs planificadas', '(Realizadas / Planificadas)*100', 'Planilla de actividades', 'monthly', 1),
(8, 'PARTICIP_RATE', 'Participacion en espacios del ser', 'Comunidad', 'percent_0_100', 'higher_is_better', 'Participacion efectiva de residentes en actividades', '(Asistencias / Cupos)*100', 'Registro de asistencia', 'monthly', 2),
(9, 'RETENTION_RATE', 'Permanencia en el dispositivo', 'Comunidad', 'percent_0_100', 'higher_is_better', 'Permanencia de residentes durante el periodo', '(Permanecen / Total inicio)*100', 'Registro CIS', 'monthly', 1),
(10, 'ROUTINE_ADH', 'Adherencia a rutina y habitos', 'Autonomia', 'score_0_100', 'higher_is_better', 'Capacidad de sostener rutinas (horarios y autocuidado)', 'Checklist observacional 0-100', 'Observacion estructurada', 'monthly', 2),
(11, 'LANG_SHIFT', 'Cambio en narrativa y lenguaje', 'Autonomia', 'score_0_100', 'higher_is_better', 'Evolucion del lenguaje de victima a protagonista', 'Rubrica 0-100 por muestra', 'Rubrica facilitador', 'monthly', 2),
(12, 'PROSOCIAL_IDX', 'Indice de vinculo prosocial', 'Autonomia', 'score_0_100', 'higher_is_better', 'Conductas de cooperacion y convivencia', 'Rubrica 0-100', 'Rubrica equipo', 'monthly', 2);

CREATE TABLE IF NOT EXISTS demo_target (
    target_id INTEGER PRIMARY KEY,
    center_id VARCHAR(255),
    kpi_id INTEGER,
    period VARCHAR(255),
    baseline_value DECIMAL(10,2),
    target_value DECIMAL(10,2)
);
TRUNCATE TABLE demo_target CASCADE;

INSERT INTO demo_target (target_id, center_id, kpi_id, period, baseline_value, target_value) VALUES
(1, 'CIS-01', 1, '2026-07', 67, 59),
(2, 'CIS-01', 2, '2026-07', 18, 10),
(3, 'CIS-01', 3, '2026-07', 16, 7),
(4, 'CIS-01', 4, '2026-07', 66, 81),
(5, 'CIS-01', 5, '2026-07', 18, 12),
(6, 'CIS-01', 6, '2026-07', 50, 75),
(7, 'CIS-01', 7, '2026-07', 58, 84),
(8, 'CIS-01', 8, '2026-07', 45, 68),
(9, 'CIS-01', 9, '2026-07', 60, 78),
(10, 'CIS-01', 10, '2026-07', 55, 75),
(11, 'CIS-01', 11, '2026-07', 50, 68),
(12, 'CIS-01', 12, '2026-07', 49, 70),
(13, 'CIS-02', 1, '2026-07', 70, 61),
(14, 'CIS-02', 2, '2026-07', 22, 12),
(15, 'CIS-02', 3, '2026-07', 10, 4),
(16, 'CIS-02', 4, '2026-07', 61, 78),
(17, 'CIS-02', 5, '2026-07', 27, 17),
(18, 'CIS-02', 6, '2026-07', 47, 74),
(19, 'CIS-02', 7, '2026-07', 56, 83),
(20, 'CIS-02', 8, '2026-07', 40, 65),
(21, 'CIS-02', 9, '2026-07', 61, 78),
(22, 'CIS-02', 10, '2026-07', 55, 75),
(23, 'CIS-02', 11, '2026-07', 49, 67),
(24, 'CIS-02', 12, '2026-07', 55, 73),
(25, 'CIS-03', 1, '2026-07', 70, 61),
(26, 'CIS-03', 2, '2026-07', 21, 12),
(27, 'CIS-03', 3, '2026-07', 7, 3),
(28, 'CIS-03', 4, '2026-07', 69, 82),
(29, 'CIS-03', 5, '2026-07', 26, 16),
(30, 'CIS-03', 6, '2026-07', 47, 74),
(31, 'CIS-03', 7, '2026-07', 56, 83),
(32, 'CIS-03', 8, '2026-07', 42, 66),
(33, 'CIS-03', 9, '2026-07', 67, 81),
(34, 'CIS-03', 10, '2026-07', 58, 77),
(35, 'CIS-03', 11, '2026-07', 47, 66),
(36, 'CIS-03', 12, '2026-07', 46, 68),
(37, 'CIS-04', 1, '2026-07', 70, 61),
(38, 'CIS-04', 2, '2026-07', 22, 12),
(39, 'CIS-04', 3, '2026-07', 17, 8),
(40, 'CIS-04', 4, '2026-07', 66, 81),
(41, 'CIS-04', 5, '2026-07', 17, 12),
(42, 'CIS-04', 6, '2026-07', 53, 77),
(43, 'CIS-04', 7, '2026-07', 62, 86),
(44, 'CIS-04', 8, '2026-07', 40, 65),
(45, 'CIS-04', 9, '2026-07', 67, 81),
(46, 'CIS-04', 10, '2026-07', 50, 73),
(47, 'CIS-04', 11, '2026-07', 42, 64),
(48, 'CIS-04', 12, '2026-07', 52, 71),
(49, 'CIS-05', 1, '2026-07', 66, 59),
(50, 'CIS-05', 2, '2026-07', 14, 8),
(51, 'CIS-05', 3, '2026-07', 7, 3),
(52, 'CIS-05', 4, '2026-07', 67, 81),
(53, 'CIS-05', 5, '2026-07', 25, 16),
(54, 'CIS-05', 6, '2026-07', 46, 73),
(55, 'CIS-05', 7, '2026-07', 62, 86),
(56, 'CIS-05', 8, '2026-07', 36, 63),
(57, 'CIS-05', 9, '2026-07', 62, 79),
(58, 'CIS-05', 10, '2026-07', 52, 74),
(59, 'CIS-05', 11, '2026-07', 43, 64),
(60, 'CIS-05', 12, '2026-07', 54, 72),
(61, 'CIS-06', 1, '2026-07', 68, 60),
(62, 'CIS-06', 2, '2026-07', 20, 11),
(63, 'CIS-06', 3, '2026-07', 10, 4),
(64, 'CIS-06', 4, '2026-07', 69, 82),
(65, 'CIS-06', 5, '2026-07', 22, 14),
(66, 'CIS-06', 6, '2026-07', 50, 75),
(67, 'CIS-06', 7, '2026-07', 60, 85),
(68, 'CIS-06', 8, '2026-07', 45, 68),
(69, 'CIS-06', 9, '2026-07', 61, 78),
(70, 'CIS-06', 10, '2026-07', 59, 77),
(71, 'CIS-06', 11, '2026-07', 43, 64),
(72, 'CIS-06', 12, '2026-07', 45, 68),
(73, 'CIS-07', 1, '2026-07', 63, 57),
(74, 'CIS-07', 2, '2026-07', 20, 11),
(75, 'CIS-07', 3, '2026-07', 8, 3),
(76, 'CIS-07', 4, '2026-07', 68, 82),
(77, 'CIS-07', 5, '2026-07', 20, 13),
(78, 'CIS-07', 6, '2026-07', 54, 77),
(79, 'CIS-07', 7, '2026-07', 62, 86),
(80, 'CIS-07', 8, '2026-07', 45, 68),
(81, 'CIS-07', 9, '2026-07', 64, 80),
(82, 'CIS-07', 10, '2026-07', 59, 77),
(83, 'CIS-07', 11, '2026-07', 42, 64),
(84, 'CIS-07', 12, '2026-07', 46, 68),
(85, 'CIS-08', 1, '2026-07', 63, 57),
(86, 'CIS-08', 2, '2026-07', 18, 10),
(87, 'CIS-08', 3, '2026-07', 13, 6),
(88, 'CIS-08', 4, '2026-07', 66, 81),
(89, 'CIS-08', 5, '2026-07', 26, 16),
(90, 'CIS-08', 6, '2026-07', 53, 77),
(91, 'CIS-08', 7, '2026-07', 64, 87),
(92, 'CIS-08', 8, '2026-07', 44, 67),
(93, 'CIS-08', 9, '2026-07', 63, 79),
(94, 'CIS-08', 10, '2026-07', 52, 74),
(95, 'CIS-08', 11, '2026-07', 41, 63),
(96, 'CIS-08', 12, '2026-07', 50, 70),
(97, 'CIS-09', 1, '2026-07', 64, 58),
(98, 'CIS-09', 2, '2026-07', 14, 8),
(99, 'CIS-09', 3, '2026-07', 11, 5),
(100, 'CIS-09', 4, '2026-07', 64, 80),
(101, 'CIS-09', 5, '2026-07', 20, 13),
(102, 'CIS-09', 6, '2026-07', 50, 75),
(103, 'CIS-09', 7, '2026-07', 56, 83),
(104, 'CIS-09', 8, '2026-07', 44, 67),
(105, 'CIS-09', 9, '2026-07', 64, 80),
(106, 'CIS-09', 10, '2026-07', 56, 76),
(107, 'CIS-09', 11, '2026-07', 47, 66),
(108, 'CIS-09', 12, '2026-07', 50, 70),
(109, 'CIS-10', 1, '2026-07', 60, 56),
(110, 'CIS-10', 2, '2026-07', 18, 10),
(111, 'CIS-10', 3, '2026-07', 15, 7),
(112, 'CIS-10', 4, '2026-07', 68, 82),
(113, 'CIS-10', 5, '2026-07', 27, 17),
(114, 'CIS-10', 6, '2026-07', 55, 78),
(115, 'CIS-10', 7, '2026-07', 55, 83),
(116, 'CIS-10', 8, '2026-07', 42, 66),
(117, 'CIS-10', 9, '2026-07', 66, 81),
(118, 'CIS-10', 10, '2026-07', 58, 77),
(119, 'CIS-10', 11, '2026-07', 48, 67),
(120, 'CIS-10', 12, '2026-07', 55, 73),
(121, 'CIS-11', 1, '2026-07', 69, 60),
(122, 'CIS-11', 2, '2026-07', 18, 10),
(123, 'CIS-11', 3, '2026-07', 7, 3),
(124, 'CIS-11', 4, '2026-07', 63, 79),
(125, 'CIS-11', 5, '2026-07', 24, 15),
(126, 'CIS-11', 6, '2026-07', 51, 76),
(127, 'CIS-11', 7, '2026-07', 56, 83),
(128, 'CIS-11', 8, '2026-07', 44, 67),
(129, 'CIS-11', 9, '2026-07', 68, 82),
(130, 'CIS-11', 10, '2026-07', 56, 76),
(131, 'CIS-11', 11, '2026-07', 45, 65),
(132, 'CIS-11', 12, '2026-07', 48, 69),
(133, 'CIS-12', 1, '2026-07', 63, 57),
(134, 'CIS-12', 2, '2026-07', 23, 13),
(135, 'CIS-12', 3, '2026-07', 14, 6),
(136, 'CIS-12', 4, '2026-07', 66, 81),
(137, 'CIS-12', 5, '2026-07', 25, 16),
(138, 'CIS-12', 6, '2026-07', 46, 73),
(139, 'CIS-12', 7, '2026-07', 57, 84),
(140, 'CIS-12', 8, '2026-07', 38, 64),
(141, 'CIS-12', 9, '2026-07', 63, 79),
(142, 'CIS-12', 10, '2026-07', 54, 75),
(143, 'CIS-12', 11, '2026-07', 44, 65),
(144, 'CIS-12', 12, '2026-07', 54, 72),
(145, 'CIS-13', 1, '2026-07', 63, 57),
(146, 'CIS-13', 2, '2026-07', 16, 9),
(147, 'CIS-13', 3, '2026-07', 9, 4),
(148, 'CIS-13', 4, '2026-07', 63, 79),
(149, 'CIS-13', 5, '2026-07', 19, 13),
(150, 'CIS-13', 6, '2026-07', 50, 75),
(151, 'CIS-13', 7, '2026-07', 59, 85),
(152, 'CIS-13', 8, '2026-07', 35, 63),
(153, 'CIS-13', 9, '2026-07', 63, 79),
(154, 'CIS-13', 10, '2026-07', 58, 77),
(155, 'CIS-13', 11, '2026-07', 43, 64),
(156, 'CIS-13', 12, '2026-07', 53, 72),
(157, 'CIS-14', 1, '2026-07', 62, 57),
(158, 'CIS-14', 2, '2026-07', 14, 8),
(159, 'CIS-14', 3, '2026-07', 15, 7),
(160, 'CIS-14', 4, '2026-07', 64, 80),
(161, 'CIS-14', 5, '2026-07', 21, 14),
(162, 'CIS-14', 6, '2026-07', 49, 75),
(163, 'CIS-14', 7, '2026-07', 65, 88),
(164, 'CIS-14', 8, '2026-07', 39, 65),
(165, 'CIS-14', 9, '2026-07', 61, 78),
(166, 'CIS-14', 10, '2026-07', 50, 73),
(167, 'CIS-14', 11, '2026-07', 48, 67),
(168, 'CIS-14', 12, '2026-07', 55, 73),
(169, 'CIS-15', 1, '2026-07', 62, 57),
(170, 'CIS-15', 2, '2026-07', 19, 11),
(171, 'CIS-15', 3, '2026-07', 8, 3),
(172, 'CIS-15', 4, '2026-07', 67, 81),
(173, 'CIS-15', 5, '2026-07', 27, 17),
(174, 'CIS-15', 6, '2026-07', 50, 75),
(175, 'CIS-15', 7, '2026-07', 57, 84),
(176, 'CIS-15', 8, '2026-07', 41, 66),
(177, 'CIS-15', 9, '2026-07', 69, 82),
(178, 'CIS-15', 10, '2026-07', 58, 77),
(179, 'CIS-15', 11, '2026-07', 45, 65),
(180, 'CIS-15', 12, '2026-07', 52, 71);

CREATE TABLE IF NOT EXISTS demo_data (
    data_id INTEGER PRIMARY KEY,
    center_id VARCHAR(255),
    kpi_id INTEGER,
    period VARCHAR(255),
    value DECIMAL(10,2),
    source VARCHAR(255),
    user_email VARCHAR(255)
);
TRUNCATE TABLE demo_data CASCADE;

INSERT INTO demo_data (data_id, center_id, kpi_id, period, value, source, user_email) VALUES
(1, 'CIS-01', 1, '2025-08', 67, 'System', 'evaluacion@nexus.com'),
(2, 'CIS-01', 1, '2025-09', 65, 'System', 'evaluacion@nexus.com'),
(3, 'CIS-01', 1, '2025-10', 65, 'System', 'evaluacion@nexus.com'),
(4, 'CIS-01', 1, '2025-11', 65, 'System', 'evaluacion@nexus.com'),
(5, 'CIS-01', 1, '2025-12', 64, 'System', 'evaluacion@nexus.com'),
(6, 'CIS-01', 1, '2026-01', 65, 'System', 'evaluacion@nexus.com'),
(7, 'CIS-01', 1, '2026-02', 63, 'System', 'evaluacion@nexus.com'),
(8, 'CIS-01', 1, '2026-03', 63, 'System', 'evaluacion@nexus.com'),
(9, 'CIS-01', 1, '2026-04', 63, 'System', 'evaluacion@nexus.com'),
(10, 'CIS-01', 1, '2026-05', 59, 'System', 'evaluacion@nexus.com'),
(11, 'CIS-01', 1, '2026-06', 58, 'System', 'evaluacion@nexus.com'),
(12, 'CIS-01', 1, '2026-07', 59, 'System', 'evaluacion@nexus.com'),
(13, 'CIS-01', 2, '2025-08', 15, 'System', 'coordinador.cis@nexus.com'),
(14, 'CIS-01', 2, '2025-09', 14, 'System', 'coordinador.cis@nexus.com'),
(15, 'CIS-01', 2, '2025-10', 15, 'System', 'coordinador.cis@nexus.com'),
(16, 'CIS-01', 2, '2025-11', 15, 'System', 'coordinador.cis@nexus.com'),
(17, 'CIS-01', 2, '2025-12', 13, 'System', 'coordinador.cis@nexus.com'),
(18, 'CIS-01', 2, '2026-01', 11, 'System', 'coordinador.cis@nexus.com'),
(19, 'CIS-01', 2, '2026-02', 12, 'System', 'coordinador.cis@nexus.com'),
(20, 'CIS-01', 2, '2026-03', 12, 'System', 'coordinador.cis@nexus.com'),
(21, 'CIS-01', 2, '2026-04', 13, 'System', 'coordinador.cis@nexus.com'),
(22, 'CIS-01', 2, '2026-05', 12, 'System', 'coordinador.cis@nexus.com'),
(23, 'CIS-01', 2, '2026-06', 9, 'System', 'coordinador.cis@nexus.com'),
(24, 'CIS-01', 2, '2026-07', 11, 'System', 'coordinador.cis@nexus.com'),
(25, 'CIS-01', 3, '2025-08', 15, 'System', 'coordinador.cis@nexus.com'),
(26, 'CIS-01', 3, '2025-09', 14, 'System', 'coordinador.cis@nexus.com'),
(27, 'CIS-01', 3, '2025-10', 13, 'System', 'coordinador.cis@nexus.com'),
(28, 'CIS-01', 3, '2025-11', 12, 'System', 'coordinador.cis@nexus.com'),
(29, 'CIS-01', 3, '2025-12', 11, 'System', 'coordinador.cis@nexus.com'),
(30, 'CIS-01', 3, '2026-01', 10, 'System', 'coordinador.cis@nexus.com'),
(31, 'CIS-01', 3, '2026-02', 10, 'System', 'coordinador.cis@nexus.com'),
(32, 'CIS-01', 3, '2026-03', 10, 'System', 'coordinador.cis@nexus.com'),
(33, 'CIS-01', 3, '2026-04', 9, 'System', 'coordinador.cis@nexus.com'),
(34, 'CIS-01', 3, '2026-05', 7, 'System', 'coordinador.cis@nexus.com'),
(35, 'CIS-01', 3, '2026-06', 7, 'System', 'coordinador.cis@nexus.com'),
(36, 'CIS-01', 3, '2026-07', 6, 'System', 'coordinador.cis@nexus.com'),
(37, 'CIS-01', 4, '2025-08', 64, 'System', 'evaluacion@nexus.com'),
(38, 'CIS-01', 4, '2025-09', 68, 'System', 'evaluacion@nexus.com'),
(39, 'CIS-01', 4, '2025-10', 69, 'System', 'evaluacion@nexus.com'),
(40, 'CIS-01', 4, '2025-11', 72, 'System', 'evaluacion@nexus.com'),
(41, 'CIS-01', 4, '2025-12', 74, 'System', 'evaluacion@nexus.com'),
(42, 'CIS-01', 4, '2026-01', 74, 'System', 'evaluacion@nexus.com'),
(43, 'CIS-01', 4, '2026-02', 77, 'System', 'evaluacion@nexus.com'),
(44, 'CIS-01', 4, '2026-03', 75, 'System', 'evaluacion@nexus.com'),
(45, 'CIS-01', 4, '2026-04', 75, 'System', 'evaluacion@nexus.com'),
(46, 'CIS-01', 4, '2026-05', 79, 'System', 'evaluacion@nexus.com'),
(47, 'CIS-01', 4, '2026-06', 77, 'System', 'evaluacion@nexus.com'),
(48, 'CIS-01', 4, '2026-07', 80, 'System', 'evaluacion@nexus.com'),
(49, 'CIS-01', 5, '2025-08', 18, 'System', 'coordinador.cis@nexus.com'),
(50, 'CIS-01', 5, '2025-09', 18, 'System', 'coordinador.cis@nexus.com'),
(51, 'CIS-01', 5, '2025-10', 16, 'System', 'coordinador.cis@nexus.com'),
(52, 'CIS-01', 5, '2025-11', 15, 'System', 'coordinador.cis@nexus.com'),
(53, 'CIS-01', 5, '2025-12', 16, 'System', 'coordinador.cis@nexus.com'),
(54, 'CIS-01', 5, '2026-01', 16, 'System', 'coordinador.cis@nexus.com'),
(55, 'CIS-01', 5, '2026-02', 17, 'System', 'coordinador.cis@nexus.com'),
(56, 'CIS-01', 5, '2026-03', 18, 'System', 'coordinador.cis@nexus.com'),
(57, 'CIS-01', 5, '2026-04', 18, 'System', 'coordinador.cis@nexus.com'),
(58, 'CIS-01', 5, '2026-05', 16, 'System', 'coordinador.cis@nexus.com'),
(59, 'CIS-01', 5, '2026-06', 14, 'System', 'coordinador.cis@nexus.com'),
(60, 'CIS-01', 5, '2026-07', 16, 'System', 'coordinador.cis@nexus.com'),
(61, 'CIS-01', 6, '2025-08', 59, 'System', 'evaluacion@nexus.com'),
(62, 'CIS-01', 6, '2025-09', 61, 'System', 'evaluacion@nexus.com'),
(63, 'CIS-01', 6, '2025-10', 66, 'System', 'evaluacion@nexus.com'),
(64, 'CIS-01', 6, '2025-11', 71, 'System', 'evaluacion@nexus.com'),
(65, 'CIS-01', 6, '2025-12', 69, 'System', 'evaluacion@nexus.com'),
(66, 'CIS-01', 6, '2026-01', 72, 'System', 'evaluacion@nexus.com'),
(67, 'CIS-01', 6, '2026-02', 73, 'System', 'evaluacion@nexus.com'),
(68, 'CIS-01', 6, '2026-03', 71, 'System', 'evaluacion@nexus.com'),
(69, 'CIS-01', 6, '2026-04', 76, 'System', 'evaluacion@nexus.com'),
(70, 'CIS-01', 6, '2026-05', 73, 'System', 'evaluacion@nexus.com'),
(71, 'CIS-01', 6, '2026-06', 74, 'System', 'evaluacion@nexus.com'),
(72, 'CIS-01', 6, '2026-07', 76, 'System', 'evaluacion@nexus.com'),
(73, 'CIS-01', 7, '2025-08', 66, 'System', 'coordinador.cis@nexus.com'),
(74, 'CIS-01', 7, '2025-09', 69, 'System', 'coordinador.cis@nexus.com'),
(75, 'CIS-01', 7, '2025-10', 70, 'System', 'coordinador.cis@nexus.com'),
(76, 'CIS-01', 7, '2025-11', 71, 'System', 'coordinador.cis@nexus.com'),
(77, 'CIS-01', 7, '2025-12', 72, 'System', 'coordinador.cis@nexus.com'),
(78, 'CIS-01', 7, '2026-01', 73, 'System', 'coordinador.cis@nexus.com'),
(79, 'CIS-01', 7, '2026-02', 72, 'System', 'coordinador.cis@nexus.com'),
(80, 'CIS-01', 7, '2026-03', 72, 'System', 'coordinador.cis@nexus.com'),
(81, 'CIS-01', 7, '2026-04', 74, 'System', 'coordinador.cis@nexus.com'),
(82, 'CIS-01', 7, '2026-05', 80, 'System', 'coordinador.cis@nexus.com'),
(83, 'CIS-01', 7, '2026-06', 80, 'System', 'coordinador.cis@nexus.com'),
(84, 'CIS-01', 7, '2026-07', 85, 'System', 'coordinador.cis@nexus.com'),
(85, 'CIS-01', 8, '2025-08', 38, 'System', 'bienestar@nexus.com'),
(86, 'CIS-01', 8, '2025-09', 38, 'System', 'bienestar@nexus.com'),
(87, 'CIS-01', 8, '2025-10', 38, 'System', 'bienestar@nexus.com'),
(88, 'CIS-01', 8, '2025-11', 39, 'System', 'bienestar@nexus.com'),
(89, 'CIS-01', 8, '2025-12', 42, 'System', 'bienestar@nexus.com'),
(90, 'CIS-01', 8, '2026-01', 45, 'System', 'bienestar@nexus.com'),
(91, 'CIS-01', 8, '2026-02', 48, 'System', 'bienestar@nexus.com'),
(92, 'CIS-01', 8, '2026-03', 48, 'System', 'bienestar@nexus.com'),
(93, 'CIS-01', 8, '2026-04', 50, 'System', 'bienestar@nexus.com'),
(94, 'CIS-01', 8, '2026-05', 56, 'System', 'bienestar@nexus.com'),
(95, 'CIS-01', 8, '2026-06', 63, 'System', 'bienestar@nexus.com'),
(96, 'CIS-01', 8, '2026-07', 62, 'System', 'bienestar@nexus.com'),
(97, 'CIS-01', 9, '2025-08', 62, 'System', 'coordinador.cis@nexus.com'),
(98, 'CIS-01', 9, '2025-09', 62, 'System', 'coordinador.cis@nexus.com'),
(99, 'CIS-01', 9, '2025-10', 66, 'System', 'coordinador.cis@nexus.com'),
(100, 'CIS-01', 9, '2025-11', 66, 'System', 'coordinador.cis@nexus.com'),
(101, 'CIS-01', 9, '2025-12', 66, 'System', 'coordinador.cis@nexus.com'),
(102, 'CIS-01', 9, '2026-01', 69, 'System', 'coordinador.cis@nexus.com'),
(103, 'CIS-01', 9, '2026-02', 70, 'System', 'coordinador.cis@nexus.com'),
(104, 'CIS-01', 9, '2026-03', 70, 'System', 'coordinador.cis@nexus.com'),
(105, 'CIS-01', 9, '2026-04', 73, 'System', 'coordinador.cis@nexus.com'),
(106, 'CIS-01', 9, '2026-05', 76, 'System', 'coordinador.cis@nexus.com'),
(107, 'CIS-01', 9, '2026-06', 76, 'System', 'coordinador.cis@nexus.com'),
(108, 'CIS-01', 9, '2026-07', 79, 'System', 'coordinador.cis@nexus.com'),
(109, 'CIS-01', 10, '2025-08', 56, 'System', 'bienestar@nexus.com'),
(110, 'CIS-01', 10, '2025-09', 59, 'System', 'bienestar@nexus.com'),
(111, 'CIS-01', 10, '2025-10', 62, 'System', 'bienestar@nexus.com'),
(112, 'CIS-01', 10, '2025-11', 64, 'System', 'bienestar@nexus.com'),
(113, 'CIS-01', 10, '2025-12', 65, 'System', 'bienestar@nexus.com'),
(114, 'CIS-01', 10, '2026-01', 68, 'System', 'bienestar@nexus.com'),
(115, 'CIS-01', 10, '2026-02', 69, 'System', 'bienestar@nexus.com'),
(116, 'CIS-01', 10, '2026-03', 71, 'System', 'bienestar@nexus.com'),
(117, 'CIS-01', 10, '2026-04', 73, 'System', 'bienestar@nexus.com'),
(118, 'CIS-01', 10, '2026-05', 72, 'System', 'bienestar@nexus.com'),
(119, 'CIS-01', 10, '2026-06', 75, 'System', 'bienestar@nexus.com'),
(120, 'CIS-01', 10, '2026-07', 76, 'System', 'bienestar@nexus.com'),
(121, 'CIS-01', 11, '2025-08', 50, 'System', 'bienestar@nexus.com'),
(122, 'CIS-01', 11, '2025-09', 51, 'System', 'bienestar@nexus.com'),
(123, 'CIS-01', 11, '2025-10', 53, 'System', 'bienestar@nexus.com'),
(124, 'CIS-01', 11, '2025-11', 53, 'System', 'bienestar@nexus.com'),
(125, 'CIS-01', 11, '2025-12', 55, 'System', 'bienestar@nexus.com'),
(126, 'CIS-01', 11, '2026-01', 56, 'System', 'bienestar@nexus.com'),
(127, 'CIS-01', 11, '2026-02', 59, 'System', 'bienestar@nexus.com'),
(128, 'CIS-01', 11, '2026-03', 62, 'System', 'bienestar@nexus.com'),
(129, 'CIS-01', 11, '2026-04', 63, 'System', 'bienestar@nexus.com'),
(130, 'CIS-01', 11, '2026-05', 63, 'System', 'bienestar@nexus.com'),
(131, 'CIS-01', 11, '2026-06', 65, 'System', 'bienestar@nexus.com'),
(132, 'CIS-01', 11, '2026-07', 65, 'System', 'bienestar@nexus.com'),
(133, 'CIS-01', 12, '2025-08', 51, 'System', 'bienestar@nexus.com'),
(134, 'CIS-01', 12, '2025-09', 53, 'System', 'bienestar@nexus.com'),
(135, 'CIS-01', 12, '2025-10', 55, 'System', 'bienestar@nexus.com'),
(136, 'CIS-01', 12, '2025-11', 58, 'System', 'bienestar@nexus.com'),
(137, 'CIS-01', 12, '2025-12', 57, 'System', 'bienestar@nexus.com'),
(138, 'CIS-01', 12, '2026-01', 59, 'System', 'bienestar@nexus.com'),
(139, 'CIS-01', 12, '2026-02', 59, 'System', 'bienestar@nexus.com'),
(140, 'CIS-01', 12, '2026-03', 60, 'System', 'bienestar@nexus.com'),
(141, 'CIS-01', 12, '2026-04', 61, 'System', 'bienestar@nexus.com'),
(142, 'CIS-01', 12, '2026-05', 62, 'System', 'bienestar@nexus.com'),
(143, 'CIS-01', 12, '2026-06', 66, 'System', 'bienestar@nexus.com'),
(144, 'CIS-01', 12, '2026-07', 68, 'System', 'bienestar@nexus.com'),
(145, 'CIS-02', 1, '2025-08', 65, 'System', 'evaluacion@nexus.com'),
(146, 'CIS-02', 1, '2025-09', 67, 'System', 'evaluacion@nexus.com'),
(147, 'CIS-02', 1, '2025-10', 67, 'System', 'evaluacion@nexus.com'),
(148, 'CIS-02', 1, '2025-11', 68, 'System', 'evaluacion@nexus.com'),
(149, 'CIS-02', 1, '2025-12', 68, 'System', 'evaluacion@nexus.com'),
(150, 'CIS-02', 1, '2026-01', 65, 'System', 'evaluacion@nexus.com'),
(151, 'CIS-02', 1, '2026-02', 62, 'System', 'evaluacion@nexus.com'),
(152, 'CIS-02', 1, '2026-03', 61, 'System', 'evaluacion@nexus.com'),
(153, 'CIS-02', 1, '2026-04', 60, 'System', 'evaluacion@nexus.com'),
(154, 'CIS-02', 1, '2026-05', 59, 'System', 'evaluacion@nexus.com'),
(155, 'CIS-02', 1, '2026-06', 61, 'System', 'evaluacion@nexus.com'),
(156, 'CIS-02', 1, '2026-07', 56, 'System', 'evaluacion@nexus.com'),
(157, 'CIS-02', 2, '2025-08', 22, 'System', 'coordinador.cis@nexus.com'),
(158, 'CIS-02', 2, '2025-09', 22, 'System', 'coordinador.cis@nexus.com'),
(159, 'CIS-02', 2, '2025-10', 22, 'System', 'coordinador.cis@nexus.com'),
(160, 'CIS-02', 2, '2025-11', 19, 'System', 'coordinador.cis@nexus.com'),
(161, 'CIS-02', 2, '2025-12', 17, 'System', 'coordinador.cis@nexus.com'),
(162, 'CIS-02', 2, '2026-01', 17, 'System', 'coordinador.cis@nexus.com'),
(163, 'CIS-02', 2, '2026-02', 15, 'System', 'coordinador.cis@nexus.com'),
(164, 'CIS-02', 2, '2026-03', 12, 'System', 'coordinador.cis@nexus.com'),
(165, 'CIS-02', 2, '2026-04', 13, 'System', 'coordinador.cis@nexus.com'),
(166, 'CIS-02', 2, '2026-05', 10, 'System', 'coordinador.cis@nexus.com'),
(167, 'CIS-02', 2, '2026-06', 10, 'System', 'coordinador.cis@nexus.com'),
(168, 'CIS-02', 2, '2026-07', 9, 'System', 'coordinador.cis@nexus.com'),
(169, 'CIS-02', 3, '2025-08', 10, 'System', 'coordinador.cis@nexus.com'),
(170, 'CIS-02', 3, '2025-09', 9, 'System', 'coordinador.cis@nexus.com'),
(171, 'CIS-02', 3, '2025-10', 9, 'System', 'coordinador.cis@nexus.com'),
(172, 'CIS-02', 3, '2025-11', 9, 'System', 'coordinador.cis@nexus.com'),
(173, 'CIS-02', 3, '2025-12', 9, 'System', 'coordinador.cis@nexus.com'),
(174, 'CIS-02', 3, '2026-01', 7, 'System', 'coordinador.cis@nexus.com'),
(175, 'CIS-02', 3, '2026-02', 6, 'System', 'coordinador.cis@nexus.com'),
(176, 'CIS-02', 3, '2026-03', 5, 'System', 'coordinador.cis@nexus.com'),
(177, 'CIS-02', 3, '2026-04', 6, 'System', 'coordinador.cis@nexus.com'),
(178, 'CIS-02', 3, '2026-05', 4, 'System', 'coordinador.cis@nexus.com'),
(179, 'CIS-02', 3, '2026-06', 4, 'System', 'coordinador.cis@nexus.com'),
(180, 'CIS-02', 3, '2026-07', 7, 'System', 'coordinador.cis@nexus.com'),
(181, 'CIS-02', 4, '2025-08', 70, 'System', 'evaluacion@nexus.com'),
(182, 'CIS-02', 4, '2025-09', 75, 'System', 'evaluacion@nexus.com'),
(183, 'CIS-02', 4, '2025-10', 75, 'System', 'evaluacion@nexus.com'),
(184, 'CIS-02', 4, '2025-11', 75, 'System', 'evaluacion@nexus.com'),
(185, 'CIS-02', 4, '2025-12', 78, 'System', 'evaluacion@nexus.com'),
(186, 'CIS-02', 4, '2026-01', 79, 'System', 'evaluacion@nexus.com'),
(187, 'CIS-02', 4, '2026-02', 81, 'System', 'evaluacion@nexus.com'),
(188, 'CIS-02', 4, '2026-03', 81, 'System', 'evaluacion@nexus.com'),
(189, 'CIS-02', 4, '2026-04', 82, 'System', 'evaluacion@nexus.com'),
(190, 'CIS-02', 4, '2026-05', 80, 'System', 'evaluacion@nexus.com'),
(191, 'CIS-02', 4, '2026-06', 77, 'System', 'evaluacion@nexus.com'),
(192, 'CIS-02', 4, '2026-07', 79, 'System', 'evaluacion@nexus.com'),
(193, 'CIS-02', 5, '2025-08', 16, 'System', 'coordinador.cis@nexus.com'),
(194, 'CIS-02', 5, '2025-09', 17, 'System', 'coordinador.cis@nexus.com'),
(195, 'CIS-02', 5, '2025-10', 16, 'System', 'coordinador.cis@nexus.com'),
(196, 'CIS-02', 5, '2025-11', 18, 'System', 'coordinador.cis@nexus.com'),
(197, 'CIS-02', 5, '2025-12', 16, 'System', 'coordinador.cis@nexus.com'),
(198, 'CIS-02', 5, '2026-01', 18, 'System', 'coordinador.cis@nexus.com'),
(199, 'CIS-02', 5, '2026-02', 15, 'System', 'coordinador.cis@nexus.com'),
(200, 'CIS-02', 5, '2026-03', 14, 'System', 'coordinador.cis@nexus.com'),
(201, 'CIS-02', 5, '2026-04', 13, 'System', 'coordinador.cis@nexus.com'),
(202, 'CIS-02', 5, '2026-05', 15, 'System', 'coordinador.cis@nexus.com'),
(203, 'CIS-02', 5, '2026-06', 17, 'System', 'coordinador.cis@nexus.com'),
(204, 'CIS-02', 5, '2026-07', 13, 'System', 'coordinador.cis@nexus.com'),
(205, 'CIS-02', 6, '2025-08', 50, 'System', 'evaluacion@nexus.com'),
(206, 'CIS-02', 6, '2025-09', 54, 'System', 'evaluacion@nexus.com'),
(207, 'CIS-02', 6, '2025-10', 58, 'System', 'evaluacion@nexus.com'),
(208, 'CIS-02', 6, '2025-11', 63, 'System', 'evaluacion@nexus.com'),
(209, 'CIS-02', 6, '2025-12', 62, 'System', 'evaluacion@nexus.com'),
(210, 'CIS-02', 6, '2026-01', 63, 'System', 'evaluacion@nexus.com'),
(211, 'CIS-02', 6, '2026-02', 68, 'System', 'evaluacion@nexus.com'),
(212, 'CIS-02', 6, '2026-03', 73, 'System', 'evaluacion@nexus.com'),
(213, 'CIS-02', 6, '2026-04', 75, 'System', 'evaluacion@nexus.com'),
(214, 'CIS-02', 6, '2026-05', 73, 'System', 'evaluacion@nexus.com'),
(215, 'CIS-02', 6, '2026-06', 72, 'System', 'evaluacion@nexus.com'),
(216, 'CIS-02', 6, '2026-07', 75, 'System', 'evaluacion@nexus.com'),
(217, 'CIS-02', 7, '2025-08', 60, 'System', 'coordinador.cis@nexus.com'),
(218, 'CIS-02', 7, '2025-09', 63, 'System', 'coordinador.cis@nexus.com'),
(219, 'CIS-02', 7, '2025-10', 68, 'System', 'coordinador.cis@nexus.com'),
(220, 'CIS-02', 7, '2025-11', 71, 'System', 'coordinador.cis@nexus.com'),
(221, 'CIS-02', 7, '2025-12', 72, 'System', 'coordinador.cis@nexus.com'),
(222, 'CIS-02', 7, '2026-01', 76, 'System', 'coordinador.cis@nexus.com'),
(223, 'CIS-02', 7, '2026-02', 81, 'System', 'coordinador.cis@nexus.com'),
(224, 'CIS-02', 7, '2026-03', 80, 'System', 'coordinador.cis@nexus.com'),
(225, 'CIS-02', 7, '2026-04', 82, 'System', 'coordinador.cis@nexus.com'),
(226, 'CIS-02', 7, '2026-05', 82, 'System', 'coordinador.cis@nexus.com'),
(227, 'CIS-02', 7, '2026-06', 84, 'System', 'coordinador.cis@nexus.com'),
(228, 'CIS-02', 7, '2026-07', 85, 'System', 'coordinador.cis@nexus.com'),
(229, 'CIS-02', 8, '2025-08', 43, 'System', 'bienestar@nexus.com'),
(230, 'CIS-02', 8, '2025-09', 50, 'System', 'bienestar@nexus.com'),
(231, 'CIS-02', 8, '2025-10', 50, 'System', 'bienestar@nexus.com'),
(232, 'CIS-02', 8, '2025-11', 49, 'System', 'bienestar@nexus.com'),
(233, 'CIS-02', 8, '2025-12', 50, 'System', 'bienestar@nexus.com'),
(234, 'CIS-02', 8, '2026-01', 56, 'System', 'bienestar@nexus.com'),
(235, 'CIS-02', 8, '2026-02', 57, 'System', 'bienestar@nexus.com'),
(236, 'CIS-02', 8, '2026-03', 57, 'System', 'bienestar@nexus.com'),
(237, 'CIS-02', 8, '2026-04', 63, 'System', 'bienestar@nexus.com'),
(238, 'CIS-02', 8, '2026-05', 64, 'System', 'bienestar@nexus.com'),
(239, 'CIS-02', 8, '2026-06', 66, 'System', 'bienestar@nexus.com'),
(240, 'CIS-02', 8, '2026-07', 68, 'System', 'bienestar@nexus.com'),
(241, 'CIS-02', 9, '2025-08', 66, 'System', 'coordinador.cis@nexus.com'),
(242, 'CIS-02', 9, '2025-09', 67, 'System', 'coordinador.cis@nexus.com'),
(243, 'CIS-02', 9, '2025-10', 68, 'System', 'coordinador.cis@nexus.com'),
(244, 'CIS-02', 9, '2025-11', 71, 'System', 'coordinador.cis@nexus.com'),
(245, 'CIS-02', 9, '2025-12', 71, 'System', 'coordinador.cis@nexus.com'),
(246, 'CIS-02', 9, '2026-01', 73, 'System', 'coordinador.cis@nexus.com'),
(247, 'CIS-02', 9, '2026-02', 74, 'System', 'coordinador.cis@nexus.com'),
(248, 'CIS-02', 9, '2026-03', 76, 'System', 'coordinador.cis@nexus.com'),
(249, 'CIS-02', 9, '2026-04', 80, 'System', 'coordinador.cis@nexus.com'),
(250, 'CIS-02', 9, '2026-05', 82, 'System', 'coordinador.cis@nexus.com'),
(251, 'CIS-02', 9, '2026-06', 79, 'System', 'coordinador.cis@nexus.com'),
(252, 'CIS-02', 9, '2026-07', 78, 'System', 'coordinador.cis@nexus.com'),
(253, 'CIS-02', 10, '2025-08', 57, 'System', 'bienestar@nexus.com'),
(254, 'CIS-02', 10, '2025-09', 61, 'System', 'bienestar@nexus.com'),
(255, 'CIS-02', 10, '2025-10', 65, 'System', 'bienestar@nexus.com'),
(256, 'CIS-02', 10, '2025-11', 67, 'System', 'bienestar@nexus.com'),
(257, 'CIS-02', 10, '2025-12', 70, 'System', 'bienestar@nexus.com'),
(258, 'CIS-02', 10, '2026-01', 72, 'System', 'bienestar@nexus.com'),
(259, 'CIS-02', 10, '2026-02', 72, 'System', 'bienestar@nexus.com'),
(260, 'CIS-02', 10, '2026-03', 70, 'System', 'bienestar@nexus.com'),
(261, 'CIS-02', 10, '2026-04', 74, 'System', 'bienestar@nexus.com'),
(262, 'CIS-02', 10, '2026-05', 77, 'System', 'bienestar@nexus.com'),
(263, 'CIS-02', 10, '2026-06', 75, 'System', 'bienestar@nexus.com'),
(264, 'CIS-02', 10, '2026-07', 77, 'System', 'bienestar@nexus.com'),
(265, 'CIS-02', 11, '2025-08', 51, 'System', 'bienestar@nexus.com'),
(266, 'CIS-02', 11, '2025-09', 51, 'System', 'bienestar@nexus.com'),
(267, 'CIS-02', 11, '2025-10', 55, 'System', 'bienestar@nexus.com'),
(268, 'CIS-02', 11, '2025-11', 57, 'System', 'bienestar@nexus.com'),
(269, 'CIS-02', 11, '2025-12', 59, 'System', 'bienestar@nexus.com'),
(270, 'CIS-02', 11, '2026-01', 61, 'System', 'bienestar@nexus.com'),
(271, 'CIS-02', 11, '2026-02', 61, 'System', 'bienestar@nexus.com'),
(272, 'CIS-02', 11, '2026-03', 64, 'System', 'bienestar@nexus.com'),
(273, 'CIS-02', 11, '2026-04', 66, 'System', 'bienestar@nexus.com'),
(274, 'CIS-02', 11, '2026-05', 66, 'System', 'bienestar@nexus.com'),
(275, 'CIS-02', 11, '2026-06', 64, 'System', 'bienestar@nexus.com'),
(276, 'CIS-02', 11, '2026-07', 67, 'System', 'bienestar@nexus.com'),
(277, 'CIS-02', 12, '2025-08', 54, 'System', 'bienestar@nexus.com'),
(278, 'CIS-02', 12, '2025-09', 54, 'System', 'bienestar@nexus.com'),
(279, 'CIS-02', 12, '2025-10', 54, 'System', 'bienestar@nexus.com'),
(280, 'CIS-02', 12, '2025-11', 57, 'System', 'bienestar@nexus.com'),
(281, 'CIS-02', 12, '2025-12', 57, 'System', 'bienestar@nexus.com'),
(282, 'CIS-02', 12, '2026-01', 61, 'System', 'bienestar@nexus.com'),
(283, 'CIS-02', 12, '2026-02', 63, 'System', 'bienestar@nexus.com'),
(284, 'CIS-02', 12, '2026-03', 66, 'System', 'bienestar@nexus.com'),
(285, 'CIS-02', 12, '2026-04', 66, 'System', 'bienestar@nexus.com'),
(286, 'CIS-02', 12, '2026-05', 68, 'System', 'bienestar@nexus.com'),
(287, 'CIS-02', 12, '2026-06', 68, 'System', 'bienestar@nexus.com'),
(288, 'CIS-02', 12, '2026-07', 68, 'System', 'bienestar@nexus.com'),
(289, 'CIS-03', 1, '2025-08', 67, 'System', 'evaluacion@nexus.com'),
(290, 'CIS-03', 1, '2025-09', 67, 'System', 'evaluacion@nexus.com'),
(291, 'CIS-03', 1, '2025-10', 69, 'System', 'evaluacion@nexus.com'),
(292, 'CIS-03', 1, '2025-11', 68, 'System', 'evaluacion@nexus.com'),
(293, 'CIS-03', 1, '2025-12', 65, 'System', 'evaluacion@nexus.com'),
(294, 'CIS-03', 1, '2026-01', 65, 'System', 'evaluacion@nexus.com'),
(295, 'CIS-03', 1, '2026-02', 65, 'System', 'evaluacion@nexus.com'),
(296, 'CIS-03', 1, '2026-03', 64, 'System', 'evaluacion@nexus.com'),
(297, 'CIS-03', 1, '2026-04', 61, 'System', 'evaluacion@nexus.com'),
(298, 'CIS-03', 1, '2026-05', 62, 'System', 'evaluacion@nexus.com'),
(299, 'CIS-03', 1, '2026-06', 61, 'System', 'evaluacion@nexus.com'),
(300, 'CIS-03', 1, '2026-07', 59, 'System', 'evaluacion@nexus.com'),
(301, 'CIS-03', 2, '2025-08', 15, 'System', 'coordinador.cis@nexus.com'),
(302, 'CIS-03', 2, '2025-09', 14, 'System', 'coordinador.cis@nexus.com'),
(303, 'CIS-03', 2, '2025-10', 12, 'System', 'coordinador.cis@nexus.com'),
(304, 'CIS-03', 2, '2025-11', 12, 'System', 'coordinador.cis@nexus.com'),
(305, 'CIS-03', 2, '2025-12', 14, 'System', 'coordinador.cis@nexus.com'),
(306, 'CIS-03', 2, '2026-01', 13, 'System', 'coordinador.cis@nexus.com'),
(307, 'CIS-03', 2, '2026-02', 11, 'System', 'coordinador.cis@nexus.com'),
(308, 'CIS-03', 2, '2026-03', 9, 'System', 'coordinador.cis@nexus.com'),
(309, 'CIS-03', 2, '2026-04', 8, 'System', 'coordinador.cis@nexus.com'),
(310, 'CIS-03', 2, '2026-05', 8, 'System', 'coordinador.cis@nexus.com'),
(311, 'CIS-03', 2, '2026-06', 9, 'System', 'coordinador.cis@nexus.com'),
(312, 'CIS-03', 2, '2026-07', 11, 'System', 'coordinador.cis@nexus.com'),
(313, 'CIS-03', 3, '2025-08', 14, 'System', 'coordinador.cis@nexus.com'),
(314, 'CIS-03', 3, '2025-09', 14, 'System', 'coordinador.cis@nexus.com'),
(315, 'CIS-03', 3, '2025-10', 12, 'System', 'coordinador.cis@nexus.com'),
(316, 'CIS-03', 3, '2025-11', 11, 'System', 'coordinador.cis@nexus.com'),
(317, 'CIS-03', 3, '2025-12', 9, 'System', 'coordinador.cis@nexus.com'),
(318, 'CIS-03', 3, '2026-01', 7, 'System', 'coordinador.cis@nexus.com'),
(319, 'CIS-03', 3, '2026-02', 8, 'System', 'coordinador.cis@nexus.com'),
(320, 'CIS-03', 3, '2026-03', 6, 'System', 'coordinador.cis@nexus.com'),
(321, 'CIS-03', 3, '2026-04', 7, 'System', 'coordinador.cis@nexus.com'),
(322, 'CIS-03', 3, '2026-05', 7, 'System', 'coordinador.cis@nexus.com'),
(323, 'CIS-03', 3, '2026-06', 6, 'System', 'coordinador.cis@nexus.com'),
(324, 'CIS-03', 3, '2026-07', 5, 'System', 'coordinador.cis@nexus.com'),
(325, 'CIS-03', 4, '2025-08', 65, 'System', 'evaluacion@nexus.com'),
(326, 'CIS-03', 4, '2025-09', 70, 'System', 'evaluacion@nexus.com'),
(327, 'CIS-03', 4, '2025-10', 70, 'System', 'evaluacion@nexus.com'),
(328, 'CIS-03', 4, '2025-11', 73, 'System', 'evaluacion@nexus.com'),
(329, 'CIS-03', 4, '2025-12', 71, 'System', 'evaluacion@nexus.com'),
(330, 'CIS-03', 4, '2026-01', 73, 'System', 'evaluacion@nexus.com'),
(331, 'CIS-03', 4, '2026-02', 77, 'System', 'evaluacion@nexus.com'),
(332, 'CIS-03', 4, '2026-03', 81, 'System', 'evaluacion@nexus.com'),
(333, 'CIS-03', 4, '2026-04', 79, 'System', 'evaluacion@nexus.com'),
(334, 'CIS-03', 4, '2026-05', 77, 'System', 'evaluacion@nexus.com'),
(335, 'CIS-03', 4, '2026-06', 79, 'System', 'evaluacion@nexus.com'),
(336, 'CIS-03', 4, '2026-07', 79, 'System', 'evaluacion@nexus.com'),
(337, 'CIS-03', 5, '2025-08', 18, 'System', 'coordinador.cis@nexus.com'),
(338, 'CIS-03', 5, '2025-09', 20, 'System', 'coordinador.cis@nexus.com'),
(339, 'CIS-03', 5, '2025-10', 19, 'System', 'coordinador.cis@nexus.com'),
(340, 'CIS-03', 5, '2025-11', 19, 'System', 'coordinador.cis@nexus.com'),
(341, 'CIS-03', 5, '2025-12', 17, 'System', 'coordinador.cis@nexus.com'),
(342, 'CIS-03', 5, '2026-01', 17, 'System', 'coordinador.cis@nexus.com'),
(343, 'CIS-03', 5, '2026-02', 15, 'System', 'coordinador.cis@nexus.com'),
(344, 'CIS-03', 5, '2026-03', 14, 'System', 'coordinador.cis@nexus.com'),
(345, 'CIS-03', 5, '2026-04', 14, 'System', 'coordinador.cis@nexus.com'),
(346, 'CIS-03', 5, '2026-05', 14, 'System', 'coordinador.cis@nexus.com'),
(347, 'CIS-03', 5, '2026-06', 14, 'System', 'coordinador.cis@nexus.com'),
(348, 'CIS-03', 5, '2026-07', 16, 'System', 'coordinador.cis@nexus.com'),
(349, 'CIS-03', 6, '2025-08', 43, 'System', 'evaluacion@nexus.com'),
(350, 'CIS-03', 6, '2025-09', 49, 'System', 'evaluacion@nexus.com'),
(351, 'CIS-03', 6, '2025-10', 53, 'System', 'evaluacion@nexus.com'),
(352, 'CIS-03', 6, '2025-11', 59, 'System', 'evaluacion@nexus.com'),
(353, 'CIS-03', 6, '2025-12', 62, 'System', 'evaluacion@nexus.com'),
(354, 'CIS-03', 6, '2026-01', 64, 'System', 'evaluacion@nexus.com'),
(355, 'CIS-03', 6, '2026-02', 63, 'System', 'evaluacion@nexus.com'),
(356, 'CIS-03', 6, '2026-03', 65, 'System', 'evaluacion@nexus.com'),
(357, 'CIS-03', 6, '2026-04', 70, 'System', 'evaluacion@nexus.com'),
(358, 'CIS-03', 6, '2026-05', 69, 'System', 'evaluacion@nexus.com'),
(359, 'CIS-03', 6, '2026-06', 70, 'System', 'evaluacion@nexus.com'),
(360, 'CIS-03', 6, '2026-07', 76, 'System', 'evaluacion@nexus.com'),
(361, 'CIS-03', 7, '2025-08', 59, 'System', 'coordinador.cis@nexus.com'),
(362, 'CIS-03', 7, '2025-09', 62, 'System', 'coordinador.cis@nexus.com'),
(363, 'CIS-03', 7, '2025-10', 66, 'System', 'coordinador.cis@nexus.com'),
(364, 'CIS-03', 7, '2025-11', 67, 'System', 'coordinador.cis@nexus.com'),
(365, 'CIS-03', 7, '2025-12', 73, 'System', 'coordinador.cis@nexus.com'),
(366, 'CIS-03', 7, '2026-01', 74, 'System', 'coordinador.cis@nexus.com'),
(367, 'CIS-03', 7, '2026-02', 76, 'System', 'coordinador.cis@nexus.com'),
(368, 'CIS-03', 7, '2026-03', 79, 'System', 'coordinador.cis@nexus.com'),
(369, 'CIS-03', 7, '2026-04', 78, 'System', 'coordinador.cis@nexus.com'),
(370, 'CIS-03', 7, '2026-05', 82, 'System', 'coordinador.cis@nexus.com'),
(371, 'CIS-03', 7, '2026-06', 86, 'System', 'coordinador.cis@nexus.com'),
(372, 'CIS-03', 7, '2026-07', 87, 'System', 'coordinador.cis@nexus.com'),
(373, 'CIS-03', 8, '2025-08', 46, 'System', 'bienestar@nexus.com'),
(374, 'CIS-03', 8, '2025-09', 45, 'System', 'bienestar@nexus.com'),
(375, 'CIS-03', 8, '2025-10', 44, 'System', 'bienestar@nexus.com'),
(376, 'CIS-03', 8, '2025-11', 49, 'System', 'bienestar@nexus.com'),
(377, 'CIS-03', 8, '2025-12', 52, 'System', 'bienestar@nexus.com'),
(378, 'CIS-03', 8, '2026-01', 54, 'System', 'bienestar@nexus.com'),
(379, 'CIS-03', 8, '2026-02', 60, 'System', 'bienestar@nexus.com'),
(380, 'CIS-03', 8, '2026-03', 63, 'System', 'bienestar@nexus.com'),
(381, 'CIS-03', 8, '2026-04', 60, 'System', 'bienestar@nexus.com'),
(382, 'CIS-03', 8, '2026-05', 62, 'System', 'bienestar@nexus.com'),
(383, 'CIS-03', 8, '2026-06', 63, 'System', 'bienestar@nexus.com'),
(384, 'CIS-03', 8, '2026-07', 67, 'System', 'bienestar@nexus.com'),
(385, 'CIS-03', 9, '2025-08', 68, 'System', 'coordinador.cis@nexus.com'),
(386, 'CIS-03', 9, '2025-09', 68, 'System', 'coordinador.cis@nexus.com'),
(387, 'CIS-03', 9, '2025-10', 70, 'System', 'coordinador.cis@nexus.com'),
(388, 'CIS-03', 9, '2025-11', 72, 'System', 'coordinador.cis@nexus.com'),
(389, 'CIS-03', 9, '2025-12', 74, 'System', 'coordinador.cis@nexus.com'),
(390, 'CIS-03', 9, '2026-01', 75, 'System', 'coordinador.cis@nexus.com'),
(391, 'CIS-03', 9, '2026-02', 74, 'System', 'coordinador.cis@nexus.com'),
(392, 'CIS-03', 9, '2026-03', 75, 'System', 'coordinador.cis@nexus.com'),
(393, 'CIS-03', 9, '2026-04', 78, 'System', 'coordinador.cis@nexus.com'),
(394, 'CIS-03', 9, '2026-05', 80, 'System', 'coordinador.cis@nexus.com'),
(395, 'CIS-03', 9, '2026-06', 80, 'System', 'coordinador.cis@nexus.com'),
(396, 'CIS-03', 9, '2026-07', 81, 'System', 'coordinador.cis@nexus.com'),
(397, 'CIS-03', 10, '2025-08', 58, 'System', 'bienestar@nexus.com'),
(398, 'CIS-03', 10, '2025-09', 62, 'System', 'bienestar@nexus.com'),
(399, 'CIS-03', 10, '2025-10', 62, 'System', 'bienestar@nexus.com'),
(400, 'CIS-03', 10, '2025-11', 65, 'System', 'bienestar@nexus.com'),
(401, 'CIS-03', 10, '2025-12', 67, 'System', 'bienestar@nexus.com'),
(402, 'CIS-03', 10, '2026-01', 69, 'System', 'bienestar@nexus.com'),
(403, 'CIS-03', 10, '2026-02', 70, 'System', 'bienestar@nexus.com'),
(404, 'CIS-03', 10, '2026-03', 70, 'System', 'bienestar@nexus.com'),
(405, 'CIS-03', 10, '2026-04', 71, 'System', 'bienestar@nexus.com'),
(406, 'CIS-03', 10, '2026-05', 71, 'System', 'bienestar@nexus.com'),
(407, 'CIS-03', 10, '2026-06', 72, 'System', 'bienestar@nexus.com'),
(408, 'CIS-03', 10, '2026-07', 75, 'System', 'bienestar@nexus.com'),
(409, 'CIS-03', 11, '2025-08', 51, 'System', 'bienestar@nexus.com'),
(410, 'CIS-03', 11, '2025-09', 54, 'System', 'bienestar@nexus.com'),
(411, 'CIS-03', 11, '2025-10', 58, 'System', 'bienestar@nexus.com'),
(412, 'CIS-03', 11, '2025-11', 57, 'System', 'bienestar@nexus.com'),
(413, 'CIS-03', 11, '2025-12', 59, 'System', 'bienestar@nexus.com'),
(414, 'CIS-03', 11, '2026-01', 60, 'System', 'bienestar@nexus.com'),
(415, 'CIS-03', 11, '2026-02', 63, 'System', 'bienestar@nexus.com'),
(416, 'CIS-03', 11, '2026-03', 61, 'System', 'bienestar@nexus.com'),
(417, 'CIS-03', 11, '2026-04', 64, 'System', 'bienestar@nexus.com'),
(418, 'CIS-03', 11, '2026-05', 66, 'System', 'bienestar@nexus.com'),
(419, 'CIS-03', 11, '2026-06', 63, 'System', 'bienestar@nexus.com'),
(420, 'CIS-03', 11, '2026-07', 68, 'System', 'bienestar@nexus.com'),
(421, 'CIS-03', 12, '2025-08', 51, 'System', 'bienestar@nexus.com'),
(422, 'CIS-03', 12, '2025-09', 54, 'System', 'bienestar@nexus.com'),
(423, 'CIS-03', 12, '2025-10', 55, 'System', 'bienestar@nexus.com'),
(424, 'CIS-03', 12, '2025-11', 57, 'System', 'bienestar@nexus.com'),
(425, 'CIS-03', 12, '2025-12', 61, 'System', 'bienestar@nexus.com'),
(426, 'CIS-03', 12, '2026-01', 63, 'System', 'bienestar@nexus.com'),
(427, 'CIS-03', 12, '2026-02', 67, 'System', 'bienestar@nexus.com'),
(428, 'CIS-03', 12, '2026-03', 66, 'System', 'bienestar@nexus.com'),
(429, 'CIS-03', 12, '2026-04', 67, 'System', 'bienestar@nexus.com'),
(430, 'CIS-03', 12, '2026-05', 71, 'System', 'bienestar@nexus.com'),
(431, 'CIS-03', 12, '2026-06', 72, 'System', 'bienestar@nexus.com'),
(432, 'CIS-03', 12, '2026-07', 69, 'System', 'bienestar@nexus.com'),
(433, 'CIS-04', 1, '2025-08', 65, 'System', 'evaluacion@nexus.com'),
(434, 'CIS-04', 1, '2025-09', 65, 'System', 'evaluacion@nexus.com'),
(435, 'CIS-04', 1, '2025-10', 62, 'System', 'evaluacion@nexus.com'),
(436, 'CIS-04', 1, '2025-11', 60, 'System', 'evaluacion@nexus.com'),
(437, 'CIS-04', 1, '2025-12', 61, 'System', 'evaluacion@nexus.com'),
(438, 'CIS-04', 1, '2026-01', 58, 'System', 'evaluacion@nexus.com'),
(439, 'CIS-04', 1, '2026-02', 57, 'System', 'evaluacion@nexus.com'),
(440, 'CIS-04', 1, '2026-03', 58, 'System', 'evaluacion@nexus.com'),
(441, 'CIS-04', 1, '2026-04', 56, 'System', 'evaluacion@nexus.com'),
(442, 'CIS-04', 1, '2026-05', 59, 'System', 'evaluacion@nexus.com'),
(443, 'CIS-04', 1, '2026-06', 56, 'System', 'evaluacion@nexus.com'),
(444, 'CIS-04', 1, '2026-07', 57, 'System', 'evaluacion@nexus.com'),
(445, 'CIS-04', 2, '2025-08', 17, 'System', 'coordinador.cis@nexus.com'),
(446, 'CIS-04', 2, '2025-09', 16, 'System', 'coordinador.cis@nexus.com'),
(447, 'CIS-04', 2, '2025-10', 15, 'System', 'coordinador.cis@nexus.com'),
(448, 'CIS-04', 2, '2025-11', 15, 'System', 'coordinador.cis@nexus.com'),
(449, 'CIS-04', 2, '2025-12', 13, 'System', 'coordinador.cis@nexus.com'),
(450, 'CIS-04', 2, '2026-01', 10, 'System', 'coordinador.cis@nexus.com'),
(451, 'CIS-04', 2, '2026-02', 11, 'System', 'coordinador.cis@nexus.com'),
(452, 'CIS-04', 2, '2026-03', 10, 'System', 'coordinador.cis@nexus.com'),
(453, 'CIS-04', 2, '2026-04', 9, 'System', 'coordinador.cis@nexus.com'),
(454, 'CIS-04', 2, '2026-05', 8, 'System', 'coordinador.cis@nexus.com'),
(455, 'CIS-04', 2, '2026-06', 8, 'System', 'coordinador.cis@nexus.com'),
(456, 'CIS-04', 2, '2026-07', 13, 'System', 'coordinador.cis@nexus.com'),
(457, 'CIS-04', 3, '2025-08', 14, 'System', 'coordinador.cis@nexus.com'),
(458, 'CIS-04', 3, '2025-09', 13, 'System', 'coordinador.cis@nexus.com'),
(459, 'CIS-04', 3, '2025-10', 12, 'System', 'coordinador.cis@nexus.com'),
(460, 'CIS-04', 3, '2025-11', 10, 'System', 'coordinador.cis@nexus.com'),
(461, 'CIS-04', 3, '2025-12', 8, 'System', 'coordinador.cis@nexus.com'),
(462, 'CIS-04', 3, '2026-01', 6, 'System', 'coordinador.cis@nexus.com'),
(463, 'CIS-04', 3, '2026-02', 7, 'System', 'coordinador.cis@nexus.com'),
(464, 'CIS-04', 3, '2026-03', 5, 'System', 'coordinador.cis@nexus.com'),
(465, 'CIS-04', 3, '2026-04', 6, 'System', 'coordinador.cis@nexus.com'),
(466, 'CIS-04', 3, '2026-05', 6, 'System', 'coordinador.cis@nexus.com'),
(467, 'CIS-04', 3, '2026-06', 6, 'System', 'coordinador.cis@nexus.com'),
(468, 'CIS-04', 3, '2026-07', 3, 'System', 'coordinador.cis@nexus.com'),
(469, 'CIS-04', 4, '2025-08', 74, 'System', 'evaluacion@nexus.com'),
(470, 'CIS-04', 4, '2025-09', 72, 'System', 'evaluacion@nexus.com'),
(471, 'CIS-04', 4, '2025-10', 71, 'System', 'evaluacion@nexus.com'),
(472, 'CIS-04', 4, '2025-11', 70, 'System', 'evaluacion@nexus.com'),
(473, 'CIS-04', 4, '2025-12', 70, 'System', 'evaluacion@nexus.com'),
(474, 'CIS-04', 4, '2026-01', 70, 'System', 'evaluacion@nexus.com'),
(475, 'CIS-04', 4, '2026-02', 71, 'System', 'evaluacion@nexus.com'),
(476, 'CIS-04', 4, '2026-03', 74, 'System', 'evaluacion@nexus.com'),
(477, 'CIS-04', 4, '2026-04', 79, 'System', 'evaluacion@nexus.com'),
(478, 'CIS-04', 4, '2026-05', 80, 'System', 'evaluacion@nexus.com'),
(479, 'CIS-04', 4, '2026-06', 82, 'System', 'evaluacion@nexus.com'),
(480, 'CIS-04', 4, '2026-07', 79, 'System', 'evaluacion@nexus.com'),
(481, 'CIS-04', 5, '2025-08', 21, 'System', 'coordinador.cis@nexus.com'),
(482, 'CIS-04', 5, '2025-09', 18, 'System', 'coordinador.cis@nexus.com'),
(483, 'CIS-04', 5, '2025-10', 19, 'System', 'coordinador.cis@nexus.com'),
(484, 'CIS-04', 5, '2025-11', 19, 'System', 'coordinador.cis@nexus.com'),
(485, 'CIS-04', 5, '2025-12', 18, 'System', 'coordinador.cis@nexus.com'),
(486, 'CIS-04', 5, '2026-01', 20, 'System', 'coordinador.cis@nexus.com'),
(487, 'CIS-04', 5, '2026-02', 21, 'System', 'coordinador.cis@nexus.com'),
(488, 'CIS-04', 5, '2026-03', 16, 'System', 'coordinador.cis@nexus.com'),
(489, 'CIS-04', 5, '2026-04', 17, 'System', 'coordinador.cis@nexus.com'),
(490, 'CIS-04', 5, '2026-05', 17, 'System', 'coordinador.cis@nexus.com'),
(491, 'CIS-04', 5, '2026-06', 13, 'System', 'coordinador.cis@nexus.com'),
(492, 'CIS-04', 5, '2026-07', 15, 'System', 'coordinador.cis@nexus.com'),
(493, 'CIS-04', 6, '2025-08', 54, 'System', 'evaluacion@nexus.com'),
(494, 'CIS-04', 6, '2025-09', 53, 'System', 'evaluacion@nexus.com'),
(495, 'CIS-04', 6, '2025-10', 56, 'System', 'evaluacion@nexus.com'),
(496, 'CIS-04', 6, '2025-11', 62, 'System', 'evaluacion@nexus.com'),
(497, 'CIS-04', 6, '2025-12', 67, 'System', 'evaluacion@nexus.com'),
(498, 'CIS-04', 6, '2026-01', 67, 'System', 'evaluacion@nexus.com'),
(499, 'CIS-04', 6, '2026-02', 67, 'System', 'evaluacion@nexus.com'),
(500, 'CIS-04', 6, '2026-03', 72, 'System', 'evaluacion@nexus.com'),
(501, 'CIS-04', 6, '2026-04', 76, 'System', 'evaluacion@nexus.com'),
(502, 'CIS-04', 6, '2026-05', 73, 'System', 'evaluacion@nexus.com'),
(503, 'CIS-04', 6, '2026-06', 78, 'System', 'evaluacion@nexus.com'),
(504, 'CIS-04', 6, '2026-07', 74, 'System', 'evaluacion@nexus.com'),
(505, 'CIS-04', 7, '2025-08', 68, 'System', 'coordinador.cis@nexus.com'),
(506, 'CIS-04', 7, '2025-09', 68, 'System', 'coordinador.cis@nexus.com'),
(507, 'CIS-04', 7, '2025-10', 72, 'System', 'coordinador.cis@nexus.com'),
(508, 'CIS-04', 7, '2025-11', 74, 'System', 'coordinador.cis@nexus.com'),
(509, 'CIS-04', 7, '2025-12', 74, 'System', 'coordinador.cis@nexus.com'),
(510, 'CIS-04', 7, '2026-01', 78, 'System', 'coordinador.cis@nexus.com'),
(511, 'CIS-04', 7, '2026-02', 80, 'System', 'coordinador.cis@nexus.com'),
(512, 'CIS-04', 7, '2026-03', 79, 'System', 'coordinador.cis@nexus.com'),
(513, 'CIS-04', 7, '2026-04', 80, 'System', 'coordinador.cis@nexus.com'),
(514, 'CIS-04', 7, '2026-05', 83, 'System', 'coordinador.cis@nexus.com'),
(515, 'CIS-04', 7, '2026-06', 82, 'System', 'coordinador.cis@nexus.com'),
(516, 'CIS-04', 7, '2026-07', 86, 'System', 'coordinador.cis@nexus.com'),
(517, 'CIS-04', 8, '2025-08', 38, 'System', 'bienestar@nexus.com'),
(518, 'CIS-04', 8, '2025-09', 38, 'System', 'bienestar@nexus.com'),
(519, 'CIS-04', 8, '2025-10', 45, 'System', 'bienestar@nexus.com'),
(520, 'CIS-04', 8, '2025-11', 52, 'System', 'bienestar@nexus.com'),
(521, 'CIS-04', 8, '2025-12', 56, 'System', 'bienestar@nexus.com'),
(522, 'CIS-04', 8, '2026-01', 56, 'System', 'bienestar@nexus.com'),
(523, 'CIS-04', 8, '2026-02', 57, 'System', 'bienestar@nexus.com'),
(524, 'CIS-04', 8, '2026-03', 63, 'System', 'bienestar@nexus.com'),
(525, 'CIS-04', 8, '2026-04', 68, 'System', 'bienestar@nexus.com'),
(526, 'CIS-04', 8, '2026-05', 65, 'System', 'bienestar@nexus.com'),
(527, 'CIS-04', 8, '2026-06', 62, 'System', 'bienestar@nexus.com'),
(528, 'CIS-04', 8, '2026-07', 70, 'System', 'bienestar@nexus.com'),
(529, 'CIS-04', 9, '2025-08', 67, 'System', 'coordinador.cis@nexus.com'),
(530, 'CIS-04', 9, '2025-09', 68, 'System', 'coordinador.cis@nexus.com'),
(531, 'CIS-04', 9, '2025-10', 72, 'System', 'coordinador.cis@nexus.com'),
(532, 'CIS-04', 9, '2025-11', 72, 'System', 'coordinador.cis@nexus.com'),
(533, 'CIS-04', 9, '2025-12', 72, 'System', 'coordinador.cis@nexus.com'),
(534, 'CIS-04', 9, '2026-01', 74, 'System', 'coordinador.cis@nexus.com'),
(535, 'CIS-04', 9, '2026-02', 74, 'System', 'coordinador.cis@nexus.com'),
(536, 'CIS-04', 9, '2026-03', 74, 'System', 'coordinador.cis@nexus.com'),
(537, 'CIS-04', 9, '2026-04', 74, 'System', 'coordinador.cis@nexus.com'),
(538, 'CIS-04', 9, '2026-05', 77, 'System', 'coordinador.cis@nexus.com'),
(539, 'CIS-04', 9, '2026-06', 78, 'System', 'coordinador.cis@nexus.com'),
(540, 'CIS-04', 9, '2026-07', 82, 'System', 'coordinador.cis@nexus.com'),
(541, 'CIS-04', 10, '2025-08', 62, 'System', 'bienestar@nexus.com'),
(542, 'CIS-04', 10, '2025-09', 64, 'System', 'bienestar@nexus.com'),
(543, 'CIS-04', 10, '2025-10', 66, 'System', 'bienestar@nexus.com'),
(544, 'CIS-04', 10, '2025-11', 70, 'System', 'bienestar@nexus.com'),
(545, 'CIS-04', 10, '2025-12', 70, 'System', 'bienestar@nexus.com'),
(546, 'CIS-04', 10, '2026-01', 68, 'System', 'bienestar@nexus.com'),
(547, 'CIS-04', 10, '2026-02', 69, 'System', 'bienestar@nexus.com'),
(548, 'CIS-04', 10, '2026-03', 73, 'System', 'bienestar@nexus.com'),
(549, 'CIS-04', 10, '2026-04', 77, 'System', 'bienestar@nexus.com'),
(550, 'CIS-04', 10, '2026-05', 76, 'System', 'bienestar@nexus.com'),
(551, 'CIS-04', 10, '2026-06', 78, 'System', 'bienestar@nexus.com'),
(552, 'CIS-04', 10, '2026-07', 71, 'System', 'bienestar@nexus.com'),
(553, 'CIS-04', 11, '2025-08', 45, 'System', 'bienestar@nexus.com'),
(554, 'CIS-04', 11, '2025-09', 47, 'System', 'bienestar@nexus.com'),
(555, 'CIS-04', 11, '2025-10', 49, 'System', 'bienestar@nexus.com'),
(556, 'CIS-04', 11, '2025-11', 53, 'System', 'bienestar@nexus.com'),
(557, 'CIS-04', 11, '2025-12', 54, 'System', 'bienestar@nexus.com'),
(558, 'CIS-04', 11, '2026-01', 56, 'System', 'bienestar@nexus.com'),
(559, 'CIS-04', 11, '2026-02', 60, 'System', 'bienestar@nexus.com'),
(560, 'CIS-04', 11, '2026-03', 62, 'System', 'bienestar@nexus.com'),
(561, 'CIS-04', 11, '2026-04', 62, 'System', 'bienestar@nexus.com'),
(562, 'CIS-04', 11, '2026-05', 65, 'System', 'bienestar@nexus.com'),
(563, 'CIS-04', 11, '2026-06', 63, 'System', 'bienestar@nexus.com'),
(564, 'CIS-04', 11, '2026-07', 67, 'System', 'bienestar@nexus.com'),
(565, 'CIS-04', 12, '2025-08', 59, 'System', 'bienestar@nexus.com'),
(566, 'CIS-04', 12, '2025-09', 58, 'System', 'bienestar@nexus.com'),
(567, 'CIS-04', 12, '2025-10', 62, 'System', 'bienestar@nexus.com'),
(568, 'CIS-04', 12, '2025-11', 63, 'System', 'bienestar@nexus.com'),
(569, 'CIS-04', 12, '2025-12', 67, 'System', 'bienestar@nexus.com'),
(570, 'CIS-04', 12, '2026-01', 67, 'System', 'bienestar@nexus.com'),
(571, 'CIS-04', 12, '2026-02', 69, 'System', 'bienestar@nexus.com'),
(572, 'CIS-04', 12, '2026-03', 70, 'System', 'bienestar@nexus.com'),
(573, 'CIS-04', 12, '2026-04', 68, 'System', 'bienestar@nexus.com'),
(574, 'CIS-04', 12, '2026-05', 68, 'System', 'bienestar@nexus.com'),
(575, 'CIS-04', 12, '2026-06', 70, 'System', 'bienestar@nexus.com'),
(576, 'CIS-04', 12, '2026-07', 72, 'System', 'bienestar@nexus.com'),
(577, 'CIS-05', 1, '2025-08', 69, 'System', 'evaluacion@nexus.com'),
(578, 'CIS-05', 1, '2025-09', 69, 'System', 'evaluacion@nexus.com'),
(579, 'CIS-05', 1, '2025-10', 68, 'System', 'evaluacion@nexus.com'),
(580, 'CIS-05', 1, '2025-11', 68, 'System', 'evaluacion@nexus.com'),
(581, 'CIS-05', 1, '2025-12', 69, 'System', 'evaluacion@nexus.com'),
(582, 'CIS-05', 1, '2026-01', 66, 'System', 'evaluacion@nexus.com'),
(583, 'CIS-05', 1, '2026-02', 63, 'System', 'evaluacion@nexus.com'),
(584, 'CIS-05', 1, '2026-03', 61, 'System', 'evaluacion@nexus.com'),
(585, 'CIS-05', 1, '2026-04', 62, 'System', 'evaluacion@nexus.com'),
(586, 'CIS-05', 1, '2026-05', 59, 'System', 'evaluacion@nexus.com'),
(587, 'CIS-05', 1, '2026-06', 57, 'System', 'evaluacion@nexus.com'),
(588, 'CIS-05', 1, '2026-07', 60, 'System', 'evaluacion@nexus.com'),
(589, 'CIS-05', 2, '2025-08', 15, 'System', 'coordinador.cis@nexus.com'),
(590, 'CIS-05', 2, '2025-09', 15, 'System', 'coordinador.cis@nexus.com'),
(591, 'CIS-05', 2, '2025-10', 13, 'System', 'coordinador.cis@nexus.com'),
(592, 'CIS-05', 2, '2025-11', 12, 'System', 'coordinador.cis@nexus.com'),
(593, 'CIS-05', 2, '2025-12', 13, 'System', 'coordinador.cis@nexus.com'),
(594, 'CIS-05', 2, '2026-01', 15, 'System', 'coordinador.cis@nexus.com'),
(595, 'CIS-05', 2, '2026-02', 14, 'System', 'coordinador.cis@nexus.com'),
(596, 'CIS-05', 2, '2026-03', 14, 'System', 'coordinador.cis@nexus.com'),
(597, 'CIS-05', 2, '2026-04', 15, 'System', 'coordinador.cis@nexus.com'),
(598, 'CIS-05', 2, '2026-05', 15, 'System', 'coordinador.cis@nexus.com'),
(599, 'CIS-05', 2, '2026-06', 14, 'System', 'coordinador.cis@nexus.com'),
(600, 'CIS-05', 2, '2026-07', 11, 'System', 'coordinador.cis@nexus.com'),
(601, 'CIS-05', 3, '2025-08', 15, 'System', 'coordinador.cis@nexus.com'),
(602, 'CIS-05', 3, '2025-09', 15, 'System', 'coordinador.cis@nexus.com'),
(603, 'CIS-05', 3, '2025-10', 13, 'System', 'coordinador.cis@nexus.com'),
(604, 'CIS-05', 3, '2025-11', 12, 'System', 'coordinador.cis@nexus.com'),
(605, 'CIS-05', 3, '2025-12', 11, 'System', 'coordinador.cis@nexus.com'),
(606, 'CIS-05', 3, '2026-01', 10, 'System', 'coordinador.cis@nexus.com'),
(607, 'CIS-05', 3, '2026-02', 10, 'System', 'coordinador.cis@nexus.com'),
(608, 'CIS-05', 3, '2026-03', 8, 'System', 'coordinador.cis@nexus.com'),
(609, 'CIS-05', 3, '2026-04', 6, 'System', 'coordinador.cis@nexus.com'),
(610, 'CIS-05', 3, '2026-05', 7, 'System', 'coordinador.cis@nexus.com'),
(611, 'CIS-05', 3, '2026-06', 7, 'System', 'coordinador.cis@nexus.com'),
(612, 'CIS-05', 3, '2026-07', 6, 'System', 'coordinador.cis@nexus.com'),
(613, 'CIS-05', 4, '2025-08', 60, 'System', 'evaluacion@nexus.com'),
(614, 'CIS-05', 4, '2025-09', 65, 'System', 'evaluacion@nexus.com'),
(615, 'CIS-05', 4, '2025-10', 67, 'System', 'evaluacion@nexus.com'),
(616, 'CIS-05', 4, '2025-11', 67, 'System', 'evaluacion@nexus.com'),
(617, 'CIS-05', 4, '2025-12', 66, 'System', 'evaluacion@nexus.com'),
(618, 'CIS-05', 4, '2026-01', 70, 'System', 'evaluacion@nexus.com'),
(619, 'CIS-05', 4, '2026-02', 72, 'System', 'evaluacion@nexus.com'),
(620, 'CIS-05', 4, '2026-03', 73, 'System', 'evaluacion@nexus.com'),
(621, 'CIS-05', 4, '2026-04', 73, 'System', 'evaluacion@nexus.com'),
(622, 'CIS-05', 4, '2026-05', 76, 'System', 'evaluacion@nexus.com'),
(623, 'CIS-05', 4, '2026-06', 79, 'System', 'evaluacion@nexus.com'),
(624, 'CIS-05', 4, '2026-07', 84, 'System', 'evaluacion@nexus.com'),
(625, 'CIS-05', 5, '2025-08', 24, 'System', 'coordinador.cis@nexus.com'),
(626, 'CIS-05', 5, '2025-09', 22, 'System', 'coordinador.cis@nexus.com'),
(627, 'CIS-05', 5, '2025-10', 23, 'System', 'coordinador.cis@nexus.com'),
(628, 'CIS-05', 5, '2025-11', 24, 'System', 'coordinador.cis@nexus.com'),
(629, 'CIS-05', 5, '2025-12', 23, 'System', 'coordinador.cis@nexus.com'),
(630, 'CIS-05', 5, '2026-01', 24, 'System', 'coordinador.cis@nexus.com'),
(631, 'CIS-05', 5, '2026-02', 22, 'System', 'coordinador.cis@nexus.com'),
(632, 'CIS-05', 5, '2026-03', 19, 'System', 'coordinador.cis@nexus.com'),
(633, 'CIS-05', 5, '2026-04', 18, 'System', 'coordinador.cis@nexus.com'),
(634, 'CIS-05', 5, '2026-05', 16, 'System', 'coordinador.cis@nexus.com'),
(635, 'CIS-05', 5, '2026-06', 14, 'System', 'coordinador.cis@nexus.com'),
(636, 'CIS-05', 5, '2026-07', 14, 'System', 'coordinador.cis@nexus.com'),
(637, 'CIS-05', 6, '2025-08', 59, 'System', 'evaluacion@nexus.com'),
(638, 'CIS-05', 6, '2025-09', 62, 'System', 'evaluacion@nexus.com'),
(639, 'CIS-05', 6, '2025-10', 62, 'System', 'evaluacion@nexus.com'),
(640, 'CIS-05', 6, '2025-11', 65, 'System', 'evaluacion@nexus.com'),
(641, 'CIS-05', 6, '2025-12', 67, 'System', 'evaluacion@nexus.com'),
(642, 'CIS-05', 6, '2026-01', 65, 'System', 'evaluacion@nexus.com'),
(643, 'CIS-05', 6, '2026-02', 64, 'System', 'evaluacion@nexus.com'),
(644, 'CIS-05', 6, '2026-03', 63, 'System', 'evaluacion@nexus.com'),
(645, 'CIS-05', 6, '2026-04', 68, 'System', 'evaluacion@nexus.com'),
(646, 'CIS-05', 6, '2026-05', 68, 'System', 'evaluacion@nexus.com'),
(647, 'CIS-05', 6, '2026-06', 74, 'System', 'evaluacion@nexus.com'),
(648, 'CIS-05', 6, '2026-07', 76, 'System', 'evaluacion@nexus.com'),
(649, 'CIS-05', 7, '2025-08', 60, 'System', 'coordinador.cis@nexus.com'),
(650, 'CIS-05', 7, '2025-09', 61, 'System', 'coordinador.cis@nexus.com'),
(651, 'CIS-05', 7, '2025-10', 61, 'System', 'coordinador.cis@nexus.com'),
(652, 'CIS-05', 7, '2025-11', 66, 'System', 'coordinador.cis@nexus.com'),
(653, 'CIS-05', 7, '2025-12', 66, 'System', 'coordinador.cis@nexus.com'),
(654, 'CIS-05', 7, '2026-01', 71, 'System', 'coordinador.cis@nexus.com'),
(655, 'CIS-05', 7, '2026-02', 73, 'System', 'coordinador.cis@nexus.com'),
(656, 'CIS-05', 7, '2026-03', 77, 'System', 'coordinador.cis@nexus.com'),
(657, 'CIS-05', 7, '2026-04', 78, 'System', 'coordinador.cis@nexus.com'),
(658, 'CIS-05', 7, '2026-05', 83, 'System', 'coordinador.cis@nexus.com'),
(659, 'CIS-05', 7, '2026-06', 82, 'System', 'coordinador.cis@nexus.com'),
(660, 'CIS-05', 7, '2026-07', 86, 'System', 'coordinador.cis@nexus.com'),
(661, 'CIS-05', 8, '2025-08', 43, 'System', 'bienestar@nexus.com'),
(662, 'CIS-05', 8, '2025-09', 43, 'System', 'bienestar@nexus.com'),
(663, 'CIS-05', 8, '2025-10', 43, 'System', 'bienestar@nexus.com'),
(664, 'CIS-05', 8, '2025-11', 43, 'System', 'bienestar@nexus.com'),
(665, 'CIS-05', 8, '2025-12', 44, 'System', 'bienestar@nexus.com'),
(666, 'CIS-05', 8, '2026-01', 48, 'System', 'bienestar@nexus.com'),
(667, 'CIS-05', 8, '2026-02', 51, 'System', 'bienestar@nexus.com'),
(668, 'CIS-05', 8, '2026-03', 56, 'System', 'bienestar@nexus.com'),
(669, 'CIS-05', 8, '2026-04', 55, 'System', 'bienestar@nexus.com'),
(670, 'CIS-05', 8, '2026-05', 58, 'System', 'bienestar@nexus.com'),
(671, 'CIS-05', 8, '2026-06', 61, 'System', 'bienestar@nexus.com'),
(672, 'CIS-05', 8, '2026-07', 69, 'System', 'bienestar@nexus.com'),
(673, 'CIS-05', 9, '2025-08', 69, 'System', 'coordinador.cis@nexus.com'),
(674, 'CIS-05', 9, '2025-09', 67, 'System', 'coordinador.cis@nexus.com'),
(675, 'CIS-05', 9, '2025-10', 68, 'System', 'coordinador.cis@nexus.com'),
(676, 'CIS-05', 9, '2025-11', 72, 'System', 'coordinador.cis@nexus.com'),
(677, 'CIS-05', 9, '2025-12', 74, 'System', 'coordinador.cis@nexus.com'),
(678, 'CIS-05', 9, '2026-01', 72, 'System', 'coordinador.cis@nexus.com'),
(679, 'CIS-05', 9, '2026-02', 75, 'System', 'coordinador.cis@nexus.com'),
(680, 'CIS-05', 9, '2026-03', 76, 'System', 'coordinador.cis@nexus.com'),
(681, 'CIS-05', 9, '2026-04', 79, 'System', 'coordinador.cis@nexus.com'),
(682, 'CIS-05', 9, '2026-05', 77, 'System', 'coordinador.cis@nexus.com'),
(683, 'CIS-05', 9, '2026-06', 80, 'System', 'coordinador.cis@nexus.com'),
(684, 'CIS-05', 9, '2026-07', 81, 'System', 'coordinador.cis@nexus.com'),
(685, 'CIS-05', 10, '2025-08', 60, 'System', 'bienestar@nexus.com'),
(686, 'CIS-05', 10, '2025-09', 60, 'System', 'bienestar@nexus.com'),
(687, 'CIS-05', 10, '2025-10', 63, 'System', 'bienestar@nexus.com'),
(688, 'CIS-05', 10, '2025-11', 66, 'System', 'bienestar@nexus.com'),
(689, 'CIS-05', 10, '2025-12', 67, 'System', 'bienestar@nexus.com'),
(690, 'CIS-05', 10, '2026-01', 67, 'System', 'bienestar@nexus.com'),
(691, 'CIS-05', 10, '2026-02', 70, 'System', 'bienestar@nexus.com'),
(692, 'CIS-05', 10, '2026-03', 69, 'System', 'bienestar@nexus.com'),
(693, 'CIS-05', 10, '2026-04', 72, 'System', 'bienestar@nexus.com'),
(694, 'CIS-05', 10, '2026-05', 76, 'System', 'bienestar@nexus.com'),
(695, 'CIS-05', 10, '2026-06', 78, 'System', 'bienestar@nexus.com'),
(696, 'CIS-05', 10, '2026-07', 76, 'System', 'bienestar@nexus.com'),
(697, 'CIS-05', 11, '2025-08', 44, 'System', 'bienestar@nexus.com'),
(698, 'CIS-05', 11, '2025-09', 46, 'System', 'bienestar@nexus.com'),
(699, 'CIS-05', 11, '2025-10', 49, 'System', 'bienestar@nexus.com'),
(700, 'CIS-05', 11, '2025-11', 51, 'System', 'bienestar@nexus.com'),
(701, 'CIS-05', 11, '2025-12', 53, 'System', 'bienestar@nexus.com'),
(702, 'CIS-05', 11, '2026-01', 56, 'System', 'bienestar@nexus.com'),
(703, 'CIS-05', 11, '2026-02', 60, 'System', 'bienestar@nexus.com'),
(704, 'CIS-05', 11, '2026-03', 60, 'System', 'bienestar@nexus.com'),
(705, 'CIS-05', 11, '2026-04', 63, 'System', 'bienestar@nexus.com'),
(706, 'CIS-05', 11, '2026-05', 66, 'System', 'bienestar@nexus.com'),
(707, 'CIS-05', 11, '2026-06', 64, 'System', 'bienestar@nexus.com'),
(708, 'CIS-05', 11, '2026-07', 65, 'System', 'bienestar@nexus.com'),
(709, 'CIS-05', 12, '2025-08', 52, 'System', 'bienestar@nexus.com'),
(710, 'CIS-05', 12, '2025-09', 56, 'System', 'bienestar@nexus.com'),
(711, 'CIS-05', 12, '2025-10', 57, 'System', 'bienestar@nexus.com'),
(712, 'CIS-05', 12, '2025-11', 61, 'System', 'bienestar@nexus.com'),
(713, 'CIS-05', 12, '2025-12', 64, 'System', 'bienestar@nexus.com'),
(714, 'CIS-05', 12, '2026-01', 67, 'System', 'bienestar@nexus.com'),
(715, 'CIS-05', 12, '2026-02', 69, 'System', 'bienestar@nexus.com'),
(716, 'CIS-05', 12, '2026-03', 69, 'System', 'bienestar@nexus.com'),
(717, 'CIS-05', 12, '2026-04', 68, 'System', 'bienestar@nexus.com'),
(718, 'CIS-05', 12, '2026-05', 67, 'System', 'bienestar@nexus.com'),
(719, 'CIS-05', 12, '2026-06', 68, 'System', 'bienestar@nexus.com'),
(720, 'CIS-05', 12, '2026-07', 71, 'System', 'bienestar@nexus.com'),
(721, 'CIS-06', 1, '2025-08', 67, 'System', 'evaluacion@nexus.com'),
(722, 'CIS-06', 1, '2025-09', 68, 'System', 'evaluacion@nexus.com'),
(723, 'CIS-06', 1, '2025-10', 66, 'System', 'evaluacion@nexus.com'),
(724, 'CIS-06', 1, '2025-11', 63, 'System', 'evaluacion@nexus.com'),
(725, 'CIS-06', 1, '2025-12', 64, 'System', 'evaluacion@nexus.com'),
(726, 'CIS-06', 1, '2026-01', 61, 'System', 'evaluacion@nexus.com'),
(727, 'CIS-06', 1, '2026-02', 58, 'System', 'evaluacion@nexus.com'),
(728, 'CIS-06', 1, '2026-03', 56, 'System', 'evaluacion@nexus.com'),
(729, 'CIS-06', 1, '2026-04', 58, 'System', 'evaluacion@nexus.com'),
(730, 'CIS-06', 1, '2026-05', 57, 'System', 'evaluacion@nexus.com'),
(731, 'CIS-06', 1, '2026-06', 56, 'System', 'evaluacion@nexus.com'),
(732, 'CIS-06', 1, '2026-07', 57, 'System', 'evaluacion@nexus.com'),
(733, 'CIS-06', 2, '2025-08', 17, 'System', 'coordinador.cis@nexus.com'),
(734, 'CIS-06', 2, '2025-09', 16, 'System', 'coordinador.cis@nexus.com'),
(735, 'CIS-06', 2, '2025-10', 16, 'System', 'coordinador.cis@nexus.com'),
(736, 'CIS-06', 2, '2025-11', 14, 'System', 'coordinador.cis@nexus.com'),
(737, 'CIS-06', 2, '2025-12', 12, 'System', 'coordinador.cis@nexus.com'),
(738, 'CIS-06', 2, '2026-01', 13, 'System', 'coordinador.cis@nexus.com'),
(739, 'CIS-06', 2, '2026-02', 11, 'System', 'coordinador.cis@nexus.com'),
(740, 'CIS-06', 2, '2026-03', 11, 'System', 'coordinador.cis@nexus.com'),
(741, 'CIS-06', 2, '2026-04', 12, 'System', 'coordinador.cis@nexus.com'),
(742, 'CIS-06', 2, '2026-05', 12, 'System', 'coordinador.cis@nexus.com'),
(743, 'CIS-06', 2, '2026-06', 12, 'System', 'coordinador.cis@nexus.com'),
(744, 'CIS-06', 2, '2026-07', 11, 'System', 'coordinador.cis@nexus.com'),
(745, 'CIS-06', 3, '2025-08', 10, 'System', 'coordinador.cis@nexus.com'),
(746, 'CIS-06', 3, '2025-09', 9, 'System', 'coordinador.cis@nexus.com'),
(747, 'CIS-06', 3, '2025-10', 8, 'System', 'coordinador.cis@nexus.com'),
(748, 'CIS-06', 3, '2025-11', 7, 'System', 'coordinador.cis@nexus.com'),
(749, 'CIS-06', 3, '2025-12', 8, 'System', 'coordinador.cis@nexus.com'),
(750, 'CIS-06', 3, '2026-01', 8, 'System', 'coordinador.cis@nexus.com'),
(751, 'CIS-06', 3, '2026-02', 8, 'System', 'coordinador.cis@nexus.com'),
(752, 'CIS-06', 3, '2026-03', 7, 'System', 'coordinador.cis@nexus.com'),
(753, 'CIS-06', 3, '2026-04', 6, 'System', 'coordinador.cis@nexus.com'),
(754, 'CIS-06', 3, '2026-05', 6, 'System', 'coordinador.cis@nexus.com'),
(755, 'CIS-06', 3, '2026-06', 6, 'System', 'coordinador.cis@nexus.com'),
(756, 'CIS-06', 3, '2026-07', 6, 'System', 'coordinador.cis@nexus.com'),
(757, 'CIS-06', 4, '2025-08', 71, 'System', 'evaluacion@nexus.com'),
(758, 'CIS-06', 4, '2025-09', 70, 'System', 'evaluacion@nexus.com'),
(759, 'CIS-06', 4, '2025-10', 70, 'System', 'evaluacion@nexus.com'),
(760, 'CIS-06', 4, '2025-11', 70, 'System', 'evaluacion@nexus.com'),
(761, 'CIS-06', 4, '2025-12', 68, 'System', 'evaluacion@nexus.com'),
(762, 'CIS-06', 4, '2026-01', 67, 'System', 'evaluacion@nexus.com'),
(763, 'CIS-06', 4, '2026-02', 68, 'System', 'evaluacion@nexus.com'),
(764, 'CIS-06', 4, '2026-03', 70, 'System', 'evaluacion@nexus.com'),
(765, 'CIS-06', 4, '2026-04', 74, 'System', 'evaluacion@nexus.com'),
(766, 'CIS-06', 4, '2026-05', 74, 'System', 'evaluacion@nexus.com'),
(767, 'CIS-06', 4, '2026-06', 78, 'System', 'evaluacion@nexus.com'),
(768, 'CIS-06', 4, '2026-07', 80, 'System', 'evaluacion@nexus.com'),
(769, 'CIS-06', 5, '2025-08', 22, 'System', 'coordinador.cis@nexus.com'),
(770, 'CIS-06', 5, '2025-09', 19, 'System', 'coordinador.cis@nexus.com'),
(771, 'CIS-06', 5, '2025-10', 19, 'System', 'coordinador.cis@nexus.com'),
(772, 'CIS-06', 5, '2025-11', 19, 'System', 'coordinador.cis@nexus.com'),
(773, 'CIS-06', 5, '2025-12', 16, 'System', 'coordinador.cis@nexus.com'),
(774, 'CIS-06', 5, '2026-01', 16, 'System', 'coordinador.cis@nexus.com'),
(775, 'CIS-06', 5, '2026-02', 18, 'System', 'coordinador.cis@nexus.com'),
(776, 'CIS-06', 5, '2026-03', 19, 'System', 'coordinador.cis@nexus.com'),
(777, 'CIS-06', 5, '2026-04', 17, 'System', 'coordinador.cis@nexus.com'),
(778, 'CIS-06', 5, '2026-05', 16, 'System', 'coordinador.cis@nexus.com'),
(779, 'CIS-06', 5, '2026-06', 14, 'System', 'coordinador.cis@nexus.com'),
(780, 'CIS-06', 5, '2026-07', 12, 'System', 'coordinador.cis@nexus.com'),
(781, 'CIS-06', 6, '2025-08', 57, 'System', 'evaluacion@nexus.com'),
(782, 'CIS-06', 6, '2025-09', 59, 'System', 'evaluacion@nexus.com'),
(783, 'CIS-06', 6, '2025-10', 63, 'System', 'evaluacion@nexus.com'),
(784, 'CIS-06', 6, '2025-11', 67, 'System', 'evaluacion@nexus.com'),
(785, 'CIS-06', 6, '2025-12', 70, 'System', 'evaluacion@nexus.com'),
(786, 'CIS-06', 6, '2026-01', 73, 'System', 'evaluacion@nexus.com'),
(787, 'CIS-06', 6, '2026-02', 75, 'System', 'evaluacion@nexus.com'),
(788, 'CIS-06', 6, '2026-03', 79, 'System', 'evaluacion@nexus.com'),
(789, 'CIS-06', 6, '2026-04', 82, 'System', 'evaluacion@nexus.com'),
(790, 'CIS-06', 6, '2026-05', 79, 'System', 'evaluacion@nexus.com'),
(791, 'CIS-06', 6, '2026-06', 79, 'System', 'evaluacion@nexus.com'),
(792, 'CIS-06', 6, '2026-07', 73, 'System', 'evaluacion@nexus.com'),
(793, 'CIS-06', 7, '2025-08', 56, 'System', 'coordinador.cis@nexus.com'),
(794, 'CIS-06', 7, '2025-09', 57, 'System', 'coordinador.cis@nexus.com'),
(795, 'CIS-06', 7, '2025-10', 61, 'System', 'coordinador.cis@nexus.com'),
(796, 'CIS-06', 7, '2025-11', 63, 'System', 'coordinador.cis@nexus.com'),
(797, 'CIS-06', 7, '2025-12', 69, 'System', 'coordinador.cis@nexus.com'),
(798, 'CIS-06', 7, '2026-01', 68, 'System', 'coordinador.cis@nexus.com'),
(799, 'CIS-06', 7, '2026-02', 71, 'System', 'coordinador.cis@nexus.com'),
(800, 'CIS-06', 7, '2026-03', 74, 'System', 'coordinador.cis@nexus.com'),
(801, 'CIS-06', 7, '2026-04', 75, 'System', 'coordinador.cis@nexus.com'),
(802, 'CIS-06', 7, '2026-05', 78, 'System', 'coordinador.cis@nexus.com'),
(803, 'CIS-06', 7, '2026-06', 82, 'System', 'coordinador.cis@nexus.com'),
(804, 'CIS-06', 7, '2026-07', 85, 'System', 'coordinador.cis@nexus.com'),
(805, 'CIS-06', 8, '2025-08', 52, 'System', 'bienestar@nexus.com'),
(806, 'CIS-06', 8, '2025-09', 56, 'System', 'bienestar@nexus.com'),
(807, 'CIS-06', 8, '2025-10', 54, 'System', 'bienestar@nexus.com'),
(808, 'CIS-06', 8, '2025-11', 54, 'System', 'bienestar@nexus.com'),
(809, 'CIS-06', 8, '2025-12', 59, 'System', 'bienestar@nexus.com'),
(810, 'CIS-06', 8, '2026-01', 57, 'System', 'bienestar@nexus.com'),
(811, 'CIS-06', 8, '2026-02', 61, 'System', 'bienestar@nexus.com'),
(812, 'CIS-06', 8, '2026-03', 61, 'System', 'bienestar@nexus.com'),
(813, 'CIS-06', 8, '2026-04', 61, 'System', 'bienestar@nexus.com'),
(814, 'CIS-06', 8, '2026-05', 66, 'System', 'bienestar@nexus.com'),
(815, 'CIS-06', 8, '2026-06', 67, 'System', 'bienestar@nexus.com'),
(816, 'CIS-06', 8, '2026-07', 67, 'System', 'bienestar@nexus.com'),
(817, 'CIS-06', 9, '2025-08', 66, 'System', 'coordinador.cis@nexus.com'),
(818, 'CIS-06', 9, '2025-09', 69, 'System', 'coordinador.cis@nexus.com'),
(819, 'CIS-06', 9, '2025-10', 69, 'System', 'coordinador.cis@nexus.com'),
(820, 'CIS-06', 9, '2025-11', 68, 'System', 'coordinador.cis@nexus.com'),
(821, 'CIS-06', 9, '2025-12', 70, 'System', 'coordinador.cis@nexus.com'),
(822, 'CIS-06', 9, '2026-01', 70, 'System', 'coordinador.cis@nexus.com'),
(823, 'CIS-06', 9, '2026-02', 70, 'System', 'coordinador.cis@nexus.com'),
(824, 'CIS-06', 9, '2026-03', 73, 'System', 'coordinador.cis@nexus.com'),
(825, 'CIS-06', 9, '2026-04', 73, 'System', 'coordinador.cis@nexus.com'),
(826, 'CIS-06', 9, '2026-05', 75, 'System', 'coordinador.cis@nexus.com'),
(827, 'CIS-06', 9, '2026-06', 79, 'System', 'coordinador.cis@nexus.com'),
(828, 'CIS-06', 9, '2026-07', 80, 'System', 'coordinador.cis@nexus.com'),
(829, 'CIS-06', 10, '2025-08', 53, 'System', 'bienestar@nexus.com'),
(830, 'CIS-06', 10, '2025-09', 54, 'System', 'bienestar@nexus.com'),
(831, 'CIS-06', 10, '2025-10', 56, 'System', 'bienestar@nexus.com'),
(832, 'CIS-06', 10, '2025-11', 60, 'System', 'bienestar@nexus.com'),
(833, 'CIS-06', 10, '2025-12', 58, 'System', 'bienestar@nexus.com'),
(834, 'CIS-06', 10, '2026-01', 60, 'System', 'bienestar@nexus.com'),
(835, 'CIS-06', 10, '2026-02', 63, 'System', 'bienestar@nexus.com'),
(836, 'CIS-06', 10, '2026-03', 68, 'System', 'bienestar@nexus.com'),
(837, 'CIS-06', 10, '2026-04', 69, 'System', 'bienestar@nexus.com'),
(838, 'CIS-06', 10, '2026-05', 69, 'System', 'bienestar@nexus.com'),
(839, 'CIS-06', 10, '2026-06', 73, 'System', 'bienestar@nexus.com'),
(840, 'CIS-06', 10, '2026-07', 74, 'System', 'bienestar@nexus.com'),
(841, 'CIS-06', 11, '2025-08', 48, 'System', 'bienestar@nexus.com'),
(842, 'CIS-06', 11, '2025-09', 51, 'System', 'bienestar@nexus.com'),
(843, 'CIS-06', 11, '2025-10', 52, 'System', 'bienestar@nexus.com'),
(844, 'CIS-06', 11, '2025-11', 54, 'System', 'bienestar@nexus.com'),
(845, 'CIS-06', 11, '2025-12', 53, 'System', 'bienestar@nexus.com'),
(846, 'CIS-06', 11, '2026-01', 56, 'System', 'bienestar@nexus.com'),
(847, 'CIS-06', 11, '2026-02', 56, 'System', 'bienestar@nexus.com'),
(848, 'CIS-06', 11, '2026-03', 60, 'System', 'bienestar@nexus.com'),
(849, 'CIS-06', 11, '2026-04', 60, 'System', 'bienestar@nexus.com'),
(850, 'CIS-06', 11, '2026-05', 62, 'System', 'bienestar@nexus.com'),
(851, 'CIS-06', 11, '2026-06', 63, 'System', 'bienestar@nexus.com'),
(852, 'CIS-06', 11, '2026-07', 66, 'System', 'bienestar@nexus.com'),
(853, 'CIS-06', 12, '2025-08', 52, 'System', 'bienestar@nexus.com'),
(854, 'CIS-06', 12, '2025-09', 53, 'System', 'bienestar@nexus.com'),
(855, 'CIS-06', 12, '2025-10', 53, 'System', 'bienestar@nexus.com'),
(856, 'CIS-06', 12, '2025-11', 56, 'System', 'bienestar@nexus.com'),
(857, 'CIS-06', 12, '2025-12', 56, 'System', 'bienestar@nexus.com'),
(858, 'CIS-06', 12, '2026-01', 60, 'System', 'bienestar@nexus.com'),
(859, 'CIS-06', 12, '2026-02', 60, 'System', 'bienestar@nexus.com'),
(860, 'CIS-06', 12, '2026-03', 64, 'System', 'bienestar@nexus.com'),
(861, 'CIS-06', 12, '2026-04', 65, 'System', 'bienestar@nexus.com'),
(862, 'CIS-06', 12, '2026-05', 68, 'System', 'bienestar@nexus.com'),
(863, 'CIS-06', 12, '2026-06', 71, 'System', 'bienestar@nexus.com'),
(864, 'CIS-06', 12, '2026-07', 69, 'System', 'bienestar@nexus.com'),
(865, 'CIS-07', 1, '2025-08', 65, 'System', 'evaluacion@nexus.com'),
(866, 'CIS-07', 1, '2025-09', 66, 'System', 'evaluacion@nexus.com'),
(867, 'CIS-07', 1, '2025-10', 65, 'System', 'evaluacion@nexus.com'),
(868, 'CIS-07', 1, '2025-11', 65, 'System', 'evaluacion@nexus.com'),
(869, 'CIS-07', 1, '2025-12', 62, 'System', 'evaluacion@nexus.com'),
(870, 'CIS-07', 1, '2026-01', 59, 'System', 'evaluacion@nexus.com'),
(871, 'CIS-07', 1, '2026-02', 61, 'System', 'evaluacion@nexus.com'),
(872, 'CIS-07', 1, '2026-03', 60, 'System', 'evaluacion@nexus.com'),
(873, 'CIS-07', 1, '2026-04', 58, 'System', 'evaluacion@nexus.com'),
(874, 'CIS-07', 1, '2026-05', 60, 'System', 'evaluacion@nexus.com'),
(875, 'CIS-07', 1, '2026-06', 57, 'System', 'evaluacion@nexus.com'),
(876, 'CIS-07', 1, '2026-07', 57, 'System', 'evaluacion@nexus.com'),
(877, 'CIS-07', 2, '2025-08', 16, 'System', 'coordinador.cis@nexus.com'),
(878, 'CIS-07', 2, '2025-09', 16, 'System', 'coordinador.cis@nexus.com'),
(879, 'CIS-07', 2, '2025-10', 17, 'System', 'coordinador.cis@nexus.com'),
(880, 'CIS-07', 2, '2025-11', 16, 'System', 'coordinador.cis@nexus.com'),
(881, 'CIS-07', 2, '2025-12', 14, 'System', 'coordinador.cis@nexus.com'),
(882, 'CIS-07', 2, '2026-01', 14, 'System', 'coordinador.cis@nexus.com'),
(883, 'CIS-07', 2, '2026-02', 12, 'System', 'coordinador.cis@nexus.com'),
(884, 'CIS-07', 2, '2026-03', 12, 'System', 'coordinador.cis@nexus.com'),
(885, 'CIS-07', 2, '2026-04', 10, 'System', 'coordinador.cis@nexus.com'),
(886, 'CIS-07', 2, '2026-05', 8, 'System', 'coordinador.cis@nexus.com'),
(887, 'CIS-07', 2, '2026-06', 9, 'System', 'coordinador.cis@nexus.com'),
(888, 'CIS-07', 2, '2026-07', 11, 'System', 'coordinador.cis@nexus.com'),
(889, 'CIS-07', 3, '2025-08', 13, 'System', 'coordinador.cis@nexus.com'),
(890, 'CIS-07', 3, '2025-09', 12, 'System', 'coordinador.cis@nexus.com'),
(891, 'CIS-07', 3, '2025-10', 11, 'System', 'coordinador.cis@nexus.com'),
(892, 'CIS-07', 3, '2025-11', 9, 'System', 'coordinador.cis@nexus.com'),
(893, 'CIS-07', 3, '2025-12', 7, 'System', 'coordinador.cis@nexus.com'),
(894, 'CIS-07', 3, '2026-01', 8, 'System', 'coordinador.cis@nexus.com'),
(895, 'CIS-07', 3, '2026-02', 7, 'System', 'coordinador.cis@nexus.com'),
(896, 'CIS-07', 3, '2026-03', 8, 'System', 'coordinador.cis@nexus.com'),
(897, 'CIS-07', 3, '2026-04', 7, 'System', 'coordinador.cis@nexus.com'),
(898, 'CIS-07', 3, '2026-05', 8, 'System', 'coordinador.cis@nexus.com'),
(899, 'CIS-07', 3, '2026-06', 5, 'System', 'coordinador.cis@nexus.com'),
(900, 'CIS-07', 3, '2026-07', 5, 'System', 'coordinador.cis@nexus.com'),
(901, 'CIS-07', 4, '2025-08', 63, 'System', 'evaluacion@nexus.com'),
(902, 'CIS-07', 4, '2025-09', 65, 'System', 'evaluacion@nexus.com'),
(903, 'CIS-07', 4, '2025-10', 65, 'System', 'evaluacion@nexus.com'),
(904, 'CIS-07', 4, '2025-11', 68, 'System', 'evaluacion@nexus.com'),
(905, 'CIS-07', 4, '2025-12', 71, 'System', 'evaluacion@nexus.com'),
(906, 'CIS-07', 4, '2026-01', 71, 'System', 'evaluacion@nexus.com'),
(907, 'CIS-07', 4, '2026-02', 73, 'System', 'evaluacion@nexus.com'),
(908, 'CIS-07', 4, '2026-03', 75, 'System', 'evaluacion@nexus.com'),
(909, 'CIS-07', 4, '2026-04', 80, 'System', 'evaluacion@nexus.com'),
(910, 'CIS-07', 4, '2026-05', 77, 'System', 'evaluacion@nexus.com'),
(911, 'CIS-07', 4, '2026-06', 78, 'System', 'evaluacion@nexus.com'),
(912, 'CIS-07', 4, '2026-07', 82, 'System', 'evaluacion@nexus.com'),
(913, 'CIS-07', 5, '2025-08', 24, 'System', 'coordinador.cis@nexus.com'),
(914, 'CIS-07', 5, '2025-09', 23, 'System', 'coordinador.cis@nexus.com'),
(915, 'CIS-07', 5, '2025-10', 24, 'System', 'coordinador.cis@nexus.com'),
(916, 'CIS-07', 5, '2025-11', 23, 'System', 'coordinador.cis@nexus.com'),
(917, 'CIS-07', 5, '2025-12', 24, 'System', 'coordinador.cis@nexus.com'),
(918, 'CIS-07', 5, '2026-01', 23, 'System', 'coordinador.cis@nexus.com'),
(919, 'CIS-07', 5, '2026-02', 24, 'System', 'coordinador.cis@nexus.com'),
(920, 'CIS-07', 5, '2026-03', 23, 'System', 'coordinador.cis@nexus.com'),
(921, 'CIS-07', 5, '2026-04', 19, 'System', 'coordinador.cis@nexus.com'),
(922, 'CIS-07', 5, '2026-05', 15, 'System', 'coordinador.cis@nexus.com'),
(923, 'CIS-07', 5, '2026-06', 15, 'System', 'coordinador.cis@nexus.com'),
(924, 'CIS-07', 5, '2026-07', 16, 'System', 'coordinador.cis@nexus.com'),
(925, 'CIS-07', 6, '2025-08', 51, 'System', 'evaluacion@nexus.com'),
(926, 'CIS-07', 6, '2025-09', 51, 'System', 'evaluacion@nexus.com'),
(927, 'CIS-07', 6, '2025-10', 53, 'System', 'evaluacion@nexus.com'),
(928, 'CIS-07', 6, '2025-11', 53, 'System', 'evaluacion@nexus.com'),
(929, 'CIS-07', 6, '2025-12', 55, 'System', 'evaluacion@nexus.com'),
(930, 'CIS-07', 6, '2026-01', 55, 'System', 'evaluacion@nexus.com'),
(931, 'CIS-07', 6, '2026-02', 56, 'System', 'evaluacion@nexus.com'),
(932, 'CIS-07', 6, '2026-03', 57, 'System', 'evaluacion@nexus.com'),
(933, 'CIS-07', 6, '2026-04', 64, 'System', 'evaluacion@nexus.com'),
(934, 'CIS-07', 6, '2026-05', 68, 'System', 'evaluacion@nexus.com'),
(935, 'CIS-07', 6, '2026-06', 72, 'System', 'evaluacion@nexus.com'),
(936, 'CIS-07', 6, '2026-07', 78, 'System', 'evaluacion@nexus.com'),
(937, 'CIS-07', 7, '2025-08', 67, 'System', 'coordinador.cis@nexus.com'),
(938, 'CIS-07', 7, '2025-09', 72, 'System', 'coordinador.cis@nexus.com'),
(939, 'CIS-07', 7, '2025-10', 71, 'System', 'coordinador.cis@nexus.com'),
(940, 'CIS-07', 7, '2025-11', 73, 'System', 'coordinador.cis@nexus.com'),
(941, 'CIS-07', 7, '2025-12', 72, 'System', 'coordinador.cis@nexus.com'),
(942, 'CIS-07', 7, '2026-01', 77, 'System', 'coordinador.cis@nexus.com'),
(943, 'CIS-07', 7, '2026-02', 81, 'System', 'coordinador.cis@nexus.com'),
(944, 'CIS-07', 7, '2026-03', 80, 'System', 'coordinador.cis@nexus.com'),
(945, 'CIS-07', 7, '2026-04', 80, 'System', 'coordinador.cis@nexus.com'),
(946, 'CIS-07', 7, '2026-05', 85, 'System', 'coordinador.cis@nexus.com'),
(947, 'CIS-07', 7, '2026-06', 83, 'System', 'coordinador.cis@nexus.com'),
(948, 'CIS-07', 7, '2026-07', 85, 'System', 'coordinador.cis@nexus.com'),
(949, 'CIS-07', 8, '2025-08', 51, 'System', 'bienestar@nexus.com'),
(950, 'CIS-07', 8, '2025-09', 52, 'System', 'bienestar@nexus.com'),
(951, 'CIS-07', 8, '2025-10', 55, 'System', 'bienestar@nexus.com'),
(952, 'CIS-07', 8, '2025-11', 53, 'System', 'bienestar@nexus.com'),
(953, 'CIS-07', 8, '2025-12', 58, 'System', 'bienestar@nexus.com'),
(954, 'CIS-07', 8, '2026-01', 63, 'System', 'bienestar@nexus.com'),
(955, 'CIS-07', 8, '2026-02', 67, 'System', 'bienestar@nexus.com'),
(956, 'CIS-07', 8, '2026-03', 68, 'System', 'bienestar@nexus.com'),
(957, 'CIS-07', 8, '2026-04', 65, 'System', 'bienestar@nexus.com'),
(958, 'CIS-07', 8, '2026-05', 68, 'System', 'bienestar@nexus.com'),
(959, 'CIS-07', 8, '2026-06', 69, 'System', 'bienestar@nexus.com'),
(960, 'CIS-07', 8, '2026-07', 67, 'System', 'bienestar@nexus.com'),
(961, 'CIS-07', 9, '2025-08', 67, 'System', 'coordinador.cis@nexus.com'),
(962, 'CIS-07', 9, '2025-09', 70, 'System', 'coordinador.cis@nexus.com'),
(963, 'CIS-07', 9, '2025-10', 69, 'System', 'coordinador.cis@nexus.com'),
(964, 'CIS-07', 9, '2025-11', 70, 'System', 'coordinador.cis@nexus.com'),
(965, 'CIS-07', 9, '2025-12', 71, 'System', 'coordinador.cis@nexus.com'),
(966, 'CIS-07', 9, '2026-01', 72, 'System', 'coordinador.cis@nexus.com'),
(967, 'CIS-07', 9, '2026-02', 76, 'System', 'coordinador.cis@nexus.com'),
(968, 'CIS-07', 9, '2026-03', 75, 'System', 'coordinador.cis@nexus.com'),
(969, 'CIS-07', 9, '2026-04', 75, 'System', 'coordinador.cis@nexus.com'),
(970, 'CIS-07', 9, '2026-05', 78, 'System', 'coordinador.cis@nexus.com'),
(971, 'CIS-07', 9, '2026-06', 79, 'System', 'coordinador.cis@nexus.com'),
(972, 'CIS-07', 9, '2026-07', 82, 'System', 'coordinador.cis@nexus.com'),
(973, 'CIS-07', 10, '2025-08', 59, 'System', 'bienestar@nexus.com'),
(974, 'CIS-07', 10, '2025-09', 59, 'System', 'bienestar@nexus.com'),
(975, 'CIS-07', 10, '2025-10', 64, 'System', 'bienestar@nexus.com'),
(976, 'CIS-07', 10, '2025-11', 64, 'System', 'bienestar@nexus.com'),
(977, 'CIS-07', 10, '2025-12', 67, 'System', 'bienestar@nexus.com'),
(978, 'CIS-07', 10, '2026-01', 67, 'System', 'bienestar@nexus.com'),
(979, 'CIS-07', 10, '2026-02', 66, 'System', 'bienestar@nexus.com'),
(980, 'CIS-07', 10, '2026-03', 70, 'System', 'bienestar@nexus.com'),
(981, 'CIS-07', 10, '2026-04', 73, 'System', 'bienestar@nexus.com'),
(982, 'CIS-07', 10, '2026-05', 71, 'System', 'bienestar@nexus.com'),
(983, 'CIS-07', 10, '2026-06', 75, 'System', 'bienestar@nexus.com'),
(984, 'CIS-07', 10, '2026-07', 73, 'System', 'bienestar@nexus.com'),
(985, 'CIS-07', 11, '2025-08', 45, 'System', 'bienestar@nexus.com'),
(986, 'CIS-07', 11, '2025-09', 48, 'System', 'bienestar@nexus.com'),
(987, 'CIS-07', 11, '2025-10', 49, 'System', 'bienestar@nexus.com'),
(988, 'CIS-07', 11, '2025-11', 51, 'System', 'bienestar@nexus.com'),
(989, 'CIS-07', 11, '2025-12', 52, 'System', 'bienestar@nexus.com'),
(990, 'CIS-07', 11, '2026-01', 53, 'System', 'bienestar@nexus.com'),
(991, 'CIS-07', 11, '2026-02', 56, 'System', 'bienestar@nexus.com'),
(992, 'CIS-07', 11, '2026-03', 58, 'System', 'bienestar@nexus.com'),
(993, 'CIS-07', 11, '2026-04', 59, 'System', 'bienestar@nexus.com'),
(994, 'CIS-07', 11, '2026-05', 61, 'System', 'bienestar@nexus.com'),
(995, 'CIS-07', 11, '2026-06', 65, 'System', 'bienestar@nexus.com'),
(996, 'CIS-07', 11, '2026-07', 64, 'System', 'bienestar@nexus.com'),
(997, 'CIS-07', 12, '2025-08', 54, 'System', 'bienestar@nexus.com'),
(998, 'CIS-07', 12, '2025-09', 56, 'System', 'bienestar@nexus.com'),
(999, 'CIS-07', 12, '2025-10', 58, 'System', 'bienestar@nexus.com'),
(1000, 'CIS-07', 12, '2025-11', 60, 'System', 'bienestar@nexus.com'),
(1001, 'CIS-07', 12, '2025-12', 59, 'System', 'bienestar@nexus.com'),
(1002, 'CIS-07', 12, '2026-01', 59, 'System', 'bienestar@nexus.com'),
(1003, 'CIS-07', 12, '2026-02', 63, 'System', 'bienestar@nexus.com'),
(1004, 'CIS-07', 12, '2026-03', 66, 'System', 'bienestar@nexus.com'),
(1005, 'CIS-07', 12, '2026-04', 67, 'System', 'bienestar@nexus.com'),
(1006, 'CIS-07', 12, '2026-05', 67, 'System', 'bienestar@nexus.com'),
(1007, 'CIS-07', 12, '2026-06', 69, 'System', 'bienestar@nexus.com'),
(1008, 'CIS-07', 12, '2026-07', 72, 'System', 'bienestar@nexus.com'),
(1009, 'CIS-08', 1, '2025-08', 66, 'System', 'evaluacion@nexus.com'),
(1010, 'CIS-08', 1, '2025-09', 64, 'System', 'evaluacion@nexus.com'),
(1011, 'CIS-08', 1, '2025-10', 66, 'System', 'evaluacion@nexus.com'),
(1012, 'CIS-08', 1, '2025-11', 67, 'System', 'evaluacion@nexus.com'),
(1013, 'CIS-08', 1, '2025-12', 67, 'System', 'evaluacion@nexus.com'),
(1014, 'CIS-08', 1, '2026-01', 66, 'System', 'evaluacion@nexus.com'),
(1015, 'CIS-08', 1, '2026-02', 67, 'System', 'evaluacion@nexus.com'),
(1016, 'CIS-08', 1, '2026-03', 64, 'System', 'evaluacion@nexus.com'),
(1017, 'CIS-08', 1, '2026-04', 65, 'System', 'evaluacion@nexus.com'),
(1018, 'CIS-08', 1, '2026-05', 65, 'System', 'evaluacion@nexus.com'),
(1019, 'CIS-08', 1, '2026-06', 63, 'System', 'evaluacion@nexus.com'),
(1020, 'CIS-08', 1, '2026-07', 60, 'System', 'evaluacion@nexus.com'),
(1021, 'CIS-08', 2, '2025-08', 15, 'System', 'coordinador.cis@nexus.com'),
(1022, 'CIS-08', 2, '2025-09', 16, 'System', 'coordinador.cis@nexus.com'),
(1023, 'CIS-08', 2, '2025-10', 15, 'System', 'coordinador.cis@nexus.com'),
(1024, 'CIS-08', 2, '2025-11', 14, 'System', 'coordinador.cis@nexus.com'),
(1025, 'CIS-08', 2, '2025-12', 13, 'System', 'coordinador.cis@nexus.com'),
(1026, 'CIS-08', 2, '2026-01', 10, 'System', 'coordinador.cis@nexus.com'),
(1027, 'CIS-08', 2, '2026-02', 11, 'System', 'coordinador.cis@nexus.com'),
(1028, 'CIS-08', 2, '2026-03', 13, 'System', 'coordinador.cis@nexus.com'),
(1029, 'CIS-08', 2, '2026-04', 11, 'System', 'coordinador.cis@nexus.com'),
(1030, 'CIS-08', 2, '2026-05', 13, 'System', 'coordinador.cis@nexus.com'),
(1031, 'CIS-08', 2, '2026-06', 9, 'System', 'coordinador.cis@nexus.com'),
(1032, 'CIS-08', 2, '2026-07', 8, 'System', 'coordinador.cis@nexus.com'),
(1033, 'CIS-08', 3, '2025-08', 8, 'System', 'coordinador.cis@nexus.com'),
(1034, 'CIS-08', 3, '2025-09', 9, 'System', 'coordinador.cis@nexus.com'),
(1035, 'CIS-08', 3, '2025-10', 7, 'System', 'coordinador.cis@nexus.com'),
(1036, 'CIS-08', 3, '2025-11', 6, 'System', 'coordinador.cis@nexus.com'),
(1037, 'CIS-08', 3, '2025-12', 5, 'System', 'coordinador.cis@nexus.com'),
(1038, 'CIS-08', 3, '2026-01', 5, 'System', 'coordinador.cis@nexus.com'),
(1039, 'CIS-08', 3, '2026-02', 5, 'System', 'coordinador.cis@nexus.com'),
(1040, 'CIS-08', 3, '2026-03', 5, 'System', 'coordinador.cis@nexus.com'),
(1041, 'CIS-08', 3, '2026-04', 4, 'System', 'coordinador.cis@nexus.com'),
(1042, 'CIS-08', 3, '2026-05', 3, 'System', 'coordinador.cis@nexus.com'),
(1043, 'CIS-08', 3, '2026-06', 5, 'System', 'coordinador.cis@nexus.com'),
(1044, 'CIS-08', 3, '2026-07', 4, 'System', 'coordinador.cis@nexus.com'),
(1045, 'CIS-08', 4, '2025-08', 68, 'System', 'evaluacion@nexus.com'),
(1046, 'CIS-08', 4, '2025-09', 71, 'System', 'evaluacion@nexus.com'),
(1047, 'CIS-08', 4, '2025-10', 71, 'System', 'evaluacion@nexus.com'),
(1048, 'CIS-08', 4, '2025-11', 73, 'System', 'evaluacion@nexus.com'),
(1049, 'CIS-08', 4, '2025-12', 74, 'System', 'evaluacion@nexus.com'),
(1050, 'CIS-08', 4, '2026-01', 76, 'System', 'evaluacion@nexus.com'),
(1051, 'CIS-08', 4, '2026-02', 77, 'System', 'evaluacion@nexus.com'),
(1052, 'CIS-08', 4, '2026-03', 79, 'System', 'evaluacion@nexus.com'),
(1053, 'CIS-08', 4, '2026-04', 79, 'System', 'evaluacion@nexus.com'),
(1054, 'CIS-08', 4, '2026-05', 83, 'System', 'evaluacion@nexus.com'),
(1055, 'CIS-08', 4, '2026-06', 82, 'System', 'evaluacion@nexus.com'),
(1056, 'CIS-08', 4, '2026-07', 78, 'System', 'evaluacion@nexus.com'),
(1057, 'CIS-08', 5, '2025-08', 17, 'System', 'coordinador.cis@nexus.com'),
(1058, 'CIS-08', 5, '2025-09', 16, 'System', 'coordinador.cis@nexus.com'),
(1059, 'CIS-08', 5, '2025-10', 14, 'System', 'coordinador.cis@nexus.com'),
(1060, 'CIS-08', 5, '2025-11', 12, 'System', 'coordinador.cis@nexus.com'),
(1061, 'CIS-08', 5, '2025-12', 12, 'System', 'coordinador.cis@nexus.com'),
(1062, 'CIS-08', 5, '2026-01', 12, 'System', 'coordinador.cis@nexus.com'),
(1063, 'CIS-08', 5, '2026-02', 10, 'System', 'coordinador.cis@nexus.com'),
(1064, 'CIS-08', 5, '2026-03', 12, 'System', 'coordinador.cis@nexus.com'),
(1065, 'CIS-08', 5, '2026-04', 10, 'System', 'coordinador.cis@nexus.com'),
(1066, 'CIS-08', 5, '2026-05', 12, 'System', 'coordinador.cis@nexus.com'),
(1067, 'CIS-08', 5, '2026-06', 14, 'System', 'coordinador.cis@nexus.com'),
(1068, 'CIS-08', 5, '2026-07', 16, 'System', 'coordinador.cis@nexus.com'),
(1069, 'CIS-08', 6, '2025-08', 58, 'System', 'evaluacion@nexus.com'),
(1070, 'CIS-08', 6, '2025-09', 59, 'System', 'evaluacion@nexus.com'),
(1071, 'CIS-08', 6, '2025-10', 63, 'System', 'evaluacion@nexus.com'),
(1072, 'CIS-08', 6, '2025-11', 61, 'System', 'evaluacion@nexus.com'),
(1073, 'CIS-08', 6, '2025-12', 65, 'System', 'evaluacion@nexus.com'),
(1074, 'CIS-08', 6, '2026-01', 64, 'System', 'evaluacion@nexus.com'),
(1075, 'CIS-08', 6, '2026-02', 62, 'System', 'evaluacion@nexus.com'),
(1076, 'CIS-08', 6, '2026-03', 68, 'System', 'evaluacion@nexus.com'),
(1077, 'CIS-08', 6, '2026-04', 73, 'System', 'evaluacion@nexus.com'),
(1078, 'CIS-08', 6, '2026-05', 73, 'System', 'evaluacion@nexus.com'),
(1079, 'CIS-08', 6, '2026-06', 74, 'System', 'evaluacion@nexus.com'),
(1080, 'CIS-08', 6, '2026-07', 72, 'System', 'evaluacion@nexus.com'),
(1081, 'CIS-08', 7, '2025-08', 65, 'System', 'coordinador.cis@nexus.com'),
(1082, 'CIS-08', 7, '2025-09', 68, 'System', 'coordinador.cis@nexus.com'),
(1083, 'CIS-08', 7, '2025-10', 67, 'System', 'coordinador.cis@nexus.com'),
(1084, 'CIS-08', 7, '2025-11', 68, 'System', 'coordinador.cis@nexus.com'),
(1085, 'CIS-08', 7, '2025-12', 71, 'System', 'coordinador.cis@nexus.com'),
(1086, 'CIS-08', 7, '2026-01', 72, 'System', 'coordinador.cis@nexus.com'),
(1087, 'CIS-08', 7, '2026-02', 75, 'System', 'coordinador.cis@nexus.com'),
(1088, 'CIS-08', 7, '2026-03', 75, 'System', 'coordinador.cis@nexus.com'),
(1089, 'CIS-08', 7, '2026-04', 78, 'System', 'coordinador.cis@nexus.com'),
(1090, 'CIS-08', 7, '2026-05', 78, 'System', 'coordinador.cis@nexus.com'),
(1091, 'CIS-08', 7, '2026-06', 83, 'System', 'coordinador.cis@nexus.com'),
(1092, 'CIS-08', 7, '2026-07', 87, 'System', 'coordinador.cis@nexus.com'),
(1093, 'CIS-08', 8, '2025-08', 38, 'System', 'bienestar@nexus.com'),
(1094, 'CIS-08', 8, '2025-09', 41, 'System', 'bienestar@nexus.com'),
(1095, 'CIS-08', 8, '2025-10', 42, 'System', 'bienestar@nexus.com'),
(1096, 'CIS-08', 8, '2025-11', 46, 'System', 'bienestar@nexus.com'),
(1097, 'CIS-08', 8, '2025-12', 52, 'System', 'bienestar@nexus.com'),
(1098, 'CIS-08', 8, '2026-01', 55, 'System', 'bienestar@nexus.com'),
(1099, 'CIS-08', 8, '2026-02', 58, 'System', 'bienestar@nexus.com'),
(1100, 'CIS-08', 8, '2026-03', 64, 'System', 'bienestar@nexus.com'),
(1101, 'CIS-08', 8, '2026-04', 68, 'System', 'bienestar@nexus.com'),
(1102, 'CIS-08', 8, '2026-05', 67, 'System', 'bienestar@nexus.com'),
(1103, 'CIS-08', 8, '2026-06', 65, 'System', 'bienestar@nexus.com'),
(1104, 'CIS-08', 8, '2026-07', 63, 'System', 'bienestar@nexus.com'),
(1105, 'CIS-08', 9, '2025-08', 66, 'System', 'coordinador.cis@nexus.com'),
(1106, 'CIS-08', 9, '2025-09', 69, 'System', 'coordinador.cis@nexus.com'),
(1107, 'CIS-08', 9, '2025-10', 69, 'System', 'coordinador.cis@nexus.com'),
(1108, 'CIS-08', 9, '2025-11', 70, 'System', 'coordinador.cis@nexus.com'),
(1109, 'CIS-08', 9, '2025-12', 73, 'System', 'coordinador.cis@nexus.com'),
(1110, 'CIS-08', 9, '2026-01', 75, 'System', 'coordinador.cis@nexus.com'),
(1111, 'CIS-08', 9, '2026-02', 78, 'System', 'coordinador.cis@nexus.com'),
(1112, 'CIS-08', 9, '2026-03', 78, 'System', 'coordinador.cis@nexus.com'),
(1113, 'CIS-08', 9, '2026-04', 81, 'System', 'coordinador.cis@nexus.com'),
(1114, 'CIS-08', 9, '2026-05', 81, 'System', 'coordinador.cis@nexus.com'),
(1115, 'CIS-08', 9, '2026-06', 82, 'System', 'coordinador.cis@nexus.com'),
(1116, 'CIS-08', 9, '2026-07', 78, 'System', 'coordinador.cis@nexus.com'),
(1117, 'CIS-08', 10, '2025-08', 55, 'System', 'bienestar@nexus.com'),
(1118, 'CIS-08', 10, '2025-09', 55, 'System', 'bienestar@nexus.com'),
(1119, 'CIS-08', 10, '2025-10', 55, 'System', 'bienestar@nexus.com'),
(1120, 'CIS-08', 10, '2025-11', 59, 'System', 'bienestar@nexus.com'),
(1121, 'CIS-08', 10, '2025-12', 62, 'System', 'bienestar@nexus.com'),
(1122, 'CIS-08', 10, '2026-01', 66, 'System', 'bienestar@nexus.com'),
(1123, 'CIS-08', 10, '2026-02', 66, 'System', 'bienestar@nexus.com'),
(1124, 'CIS-08', 10, '2026-03', 65, 'System', 'bienestar@nexus.com'),
(1125, 'CIS-08', 10, '2026-04', 69, 'System', 'bienestar@nexus.com'),
(1126, 'CIS-08', 10, '2026-05', 70, 'System', 'bienestar@nexus.com'),
(1127, 'CIS-08', 10, '2026-06', 74, 'System', 'bienestar@nexus.com'),
(1128, 'CIS-08', 10, '2026-07', 78, 'System', 'bienestar@nexus.com'),
(1129, 'CIS-08', 11, '2025-08', 50, 'System', 'bienestar@nexus.com'),
(1130, 'CIS-08', 11, '2025-09', 52, 'System', 'bienestar@nexus.com'),
(1131, 'CIS-08', 11, '2025-10', 52, 'System', 'bienestar@nexus.com'),
(1132, 'CIS-08', 11, '2025-11', 53, 'System', 'bienestar@nexus.com'),
(1133, 'CIS-08', 11, '2025-12', 54, 'System', 'bienestar@nexus.com'),
(1134, 'CIS-08', 11, '2026-01', 53, 'System', 'bienestar@nexus.com'),
(1135, 'CIS-08', 11, '2026-02', 55, 'System', 'bienestar@nexus.com'),
(1136, 'CIS-08', 11, '2026-03', 58, 'System', 'bienestar@nexus.com'),
(1137, 'CIS-08', 11, '2026-04', 60, 'System', 'bienestar@nexus.com'),
(1138, 'CIS-08', 11, '2026-05', 61, 'System', 'bienestar@nexus.com'),
(1139, 'CIS-08', 11, '2026-06', 65, 'System', 'bienestar@nexus.com'),
(1140, 'CIS-08', 11, '2026-07', 63, 'System', 'bienestar@nexus.com'),
(1141, 'CIS-08', 12, '2025-08', 54, 'System', 'bienestar@nexus.com'),
(1142, 'CIS-08', 12, '2025-09', 53, 'System', 'bienestar@nexus.com'),
(1143, 'CIS-08', 12, '2025-10', 55, 'System', 'bienestar@nexus.com'),
(1144, 'CIS-08', 12, '2025-11', 56, 'System', 'bienestar@nexus.com'),
(1145, 'CIS-08', 12, '2025-12', 59, 'System', 'bienestar@nexus.com'),
(1146, 'CIS-08', 12, '2026-01', 58, 'System', 'bienestar@nexus.com'),
(1147, 'CIS-08', 12, '2026-02', 62, 'System', 'bienestar@nexus.com'),
(1148, 'CIS-08', 12, '2026-03', 64, 'System', 'bienestar@nexus.com'),
(1149, 'CIS-08', 12, '2026-04', 66, 'System', 'bienestar@nexus.com'),
(1150, 'CIS-08', 12, '2026-05', 68, 'System', 'bienestar@nexus.com'),
(1151, 'CIS-08', 12, '2026-06', 68, 'System', 'bienestar@nexus.com'),
(1152, 'CIS-08', 12, '2026-07', 67, 'System', 'bienestar@nexus.com'),
(1153, 'CIS-09', 1, '2025-08', 67, 'System', 'evaluacion@nexus.com'),
(1154, 'CIS-09', 1, '2025-09', 66, 'System', 'evaluacion@nexus.com'),
(1155, 'CIS-09', 1, '2025-10', 66, 'System', 'evaluacion@nexus.com'),
(1156, 'CIS-09', 1, '2025-11', 65, 'System', 'evaluacion@nexus.com'),
(1157, 'CIS-09', 1, '2025-12', 67, 'System', 'evaluacion@nexus.com'),
(1158, 'CIS-09', 1, '2026-01', 64, 'System', 'evaluacion@nexus.com'),
(1159, 'CIS-09', 1, '2026-02', 60, 'System', 'evaluacion@nexus.com'),
(1160, 'CIS-09', 1, '2026-03', 58, 'System', 'evaluacion@nexus.com'),
(1161, 'CIS-09', 1, '2026-04', 57, 'System', 'evaluacion@nexus.com'),
(1162, 'CIS-09', 1, '2026-05', 58, 'System', 'evaluacion@nexus.com'),
(1163, 'CIS-09', 1, '2026-06', 59, 'System', 'evaluacion@nexus.com'),
(1164, 'CIS-09', 1, '2026-07', 60, 'System', 'evaluacion@nexus.com'),
(1165, 'CIS-09', 2, '2025-08', 16, 'System', 'coordinador.cis@nexus.com'),
(1166, 'CIS-09', 2, '2025-09', 16, 'System', 'coordinador.cis@nexus.com'),
(1167, 'CIS-09', 2, '2025-10', 15, 'System', 'coordinador.cis@nexus.com'),
(1168, 'CIS-09', 2, '2025-11', 14, 'System', 'coordinador.cis@nexus.com'),
(1169, 'CIS-09', 2, '2025-12', 13, 'System', 'coordinador.cis@nexus.com'),
(1170, 'CIS-09', 2, '2026-01', 12, 'System', 'coordinador.cis@nexus.com'),
(1171, 'CIS-09', 2, '2026-02', 11, 'System', 'coordinador.cis@nexus.com'),
(1172, 'CIS-09', 2, '2026-03', 11, 'System', 'coordinador.cis@nexus.com'),
(1173, 'CIS-09', 2, '2026-04', 11, 'System', 'coordinador.cis@nexus.com'),
(1174, 'CIS-09', 2, '2026-05', 9, 'System', 'coordinador.cis@nexus.com'),
(1175, 'CIS-09', 2, '2026-06', 9, 'System', 'coordinador.cis@nexus.com'),
(1176, 'CIS-09', 2, '2026-07', 8, 'System', 'coordinador.cis@nexus.com'),
(1177, 'CIS-09', 3, '2025-08', 12, 'System', 'coordinador.cis@nexus.com'),
(1178, 'CIS-09', 3, '2025-09', 12, 'System', 'coordinador.cis@nexus.com'),
(1179, 'CIS-09', 3, '2025-10', 10, 'System', 'coordinador.cis@nexus.com'),
(1180, 'CIS-09', 3, '2025-11', 11, 'System', 'coordinador.cis@nexus.com'),
(1181, 'CIS-09', 3, '2025-12', 12, 'System', 'coordinador.cis@nexus.com'),
(1182, 'CIS-09', 3, '2026-01', 10, 'System', 'coordinador.cis@nexus.com'),
(1183, 'CIS-09', 3, '2026-02', 8, 'System', 'coordinador.cis@nexus.com'),
(1184, 'CIS-09', 3, '2026-03', 8, 'System', 'coordinador.cis@nexus.com'),
(1185, 'CIS-09', 3, '2026-04', 9, 'System', 'coordinador.cis@nexus.com'),
(1186, 'CIS-09', 3, '2026-05', 8, 'System', 'coordinador.cis@nexus.com'),
(1187, 'CIS-09', 3, '2026-06', 6, 'System', 'coordinador.cis@nexus.com'),
(1188, 'CIS-09', 3, '2026-07', 6, 'System', 'coordinador.cis@nexus.com'),
(1189, 'CIS-09', 4, '2025-08', 67, 'System', 'evaluacion@nexus.com'),
(1190, 'CIS-09', 4, '2025-09', 66, 'System', 'evaluacion@nexus.com'),
(1191, 'CIS-09', 4, '2025-10', 64, 'System', 'evaluacion@nexus.com'),
(1192, 'CIS-09', 4, '2025-11', 63, 'System', 'evaluacion@nexus.com'),
(1193, 'CIS-09', 4, '2025-12', 62, 'System', 'evaluacion@nexus.com'),
(1194, 'CIS-09', 4, '2026-01', 63, 'System', 'evaluacion@nexus.com'),
(1195, 'CIS-09', 4, '2026-02', 66, 'System', 'evaluacion@nexus.com'),
(1196, 'CIS-09', 4, '2026-03', 69, 'System', 'evaluacion@nexus.com'),
(1197, 'CIS-09', 4, '2026-04', 72, 'System', 'evaluacion@nexus.com'),
(1198, 'CIS-09', 4, '2026-05', 75, 'System', 'evaluacion@nexus.com'),
(1199, 'CIS-09', 4, '2026-06', 76, 'System', 'evaluacion@nexus.com'),
(1200, 'CIS-09', 4, '2026-07', 81, 'System', 'evaluacion@nexus.com'),
(1201, 'CIS-09', 5, '2025-08', 27, 'System', 'coordinador.cis@nexus.com'),
(1202, 'CIS-09', 5, '2025-09', 24, 'System', 'coordinador.cis@nexus.com'),
(1203, 'CIS-09', 5, '2025-10', 22, 'System', 'coordinador.cis@nexus.com'),
(1204, 'CIS-09', 5, '2025-11', 19, 'System', 'coordinador.cis@nexus.com'),
(1205, 'CIS-09', 5, '2025-12', 19, 'System', 'coordinador.cis@nexus.com'),
(1206, 'CIS-09', 5, '2026-01', 19, 'System', 'coordinador.cis@nexus.com'),
(1207, 'CIS-09', 5, '2026-02', 18, 'System', 'coordinador.cis@nexus.com'),
(1208, 'CIS-09', 5, '2026-03', 16, 'System', 'coordinador.cis@nexus.com'),
(1209, 'CIS-09', 5, '2026-04', 14, 'System', 'coordinador.cis@nexus.com'),
(1210, 'CIS-09', 5, '2026-05', 12, 'System', 'coordinador.cis@nexus.com'),
(1211, 'CIS-09', 5, '2026-06', 15, 'System', 'coordinador.cis@nexus.com'),
(1212, 'CIS-09', 5, '2026-07', 14, 'System', 'coordinador.cis@nexus.com'),
(1213, 'CIS-09', 6, '2025-08', 53, 'System', 'evaluacion@nexus.com'),
(1214, 'CIS-09', 6, '2025-09', 52, 'System', 'evaluacion@nexus.com'),
(1215, 'CIS-09', 6, '2025-10', 51, 'System', 'evaluacion@nexus.com'),
(1216, 'CIS-09', 6, '2025-11', 57, 'System', 'evaluacion@nexus.com'),
(1217, 'CIS-09', 6, '2025-12', 62, 'System', 'evaluacion@nexus.com'),
(1218, 'CIS-09', 6, '2026-01', 61, 'System', 'evaluacion@nexus.com'),
(1219, 'CIS-09', 6, '2026-02', 59, 'System', 'evaluacion@nexus.com'),
(1220, 'CIS-09', 6, '2026-03', 63, 'System', 'evaluacion@nexus.com'),
(1221, 'CIS-09', 6, '2026-04', 65, 'System', 'evaluacion@nexus.com'),
(1222, 'CIS-09', 6, '2026-05', 67, 'System', 'evaluacion@nexus.com'),
(1223, 'CIS-09', 6, '2026-06', 74, 'System', 'evaluacion@nexus.com'),
(1224, 'CIS-09', 6, '2026-07', 78, 'System', 'evaluacion@nexus.com'),
(1225, 'CIS-09', 7, '2025-08', 62, 'System', 'coordinador.cis@nexus.com'),
(1226, 'CIS-09', 7, '2025-09', 63, 'System', 'coordinador.cis@nexus.com'),
(1227, 'CIS-09', 7, '2025-10', 67, 'System', 'coordinador.cis@nexus.com'),
(1228, 'CIS-09', 7, '2025-11', 69, 'System', 'coordinador.cis@nexus.com'),
(1229, 'CIS-09', 7, '2025-12', 70, 'System', 'coordinador.cis@nexus.com'),
(1230, 'CIS-09', 7, '2026-01', 72, 'System', 'coordinador.cis@nexus.com'),
(1231, 'CIS-09', 7, '2026-02', 76, 'System', 'coordinador.cis@nexus.com'),
(1232, 'CIS-09', 7, '2026-03', 78, 'System', 'coordinador.cis@nexus.com'),
(1233, 'CIS-09', 7, '2026-04', 81, 'System', 'coordinador.cis@nexus.com'),
(1234, 'CIS-09', 7, '2026-05', 84, 'System', 'coordinador.cis@nexus.com'),
(1235, 'CIS-09', 7, '2026-06', 82, 'System', 'coordinador.cis@nexus.com'),
(1236, 'CIS-09', 7, '2026-07', 88, 'System', 'coordinador.cis@nexus.com'),
(1237, 'CIS-09', 8, '2025-08', 41, 'System', 'bienestar@nexus.com'),
(1238, 'CIS-09', 8, '2025-09', 46, 'System', 'bienestar@nexus.com'),
(1239, 'CIS-09', 8, '2025-10', 45, 'System', 'bienestar@nexus.com'),
(1240, 'CIS-09', 8, '2025-11', 49, 'System', 'bienestar@nexus.com'),
(1241, 'CIS-09', 8, '2025-12', 50, 'System', 'bienestar@nexus.com'),
(1242, 'CIS-09', 8, '2026-01', 53, 'System', 'bienestar@nexus.com'),
(1243, 'CIS-09', 8, '2026-02', 59, 'System', 'bienestar@nexus.com'),
(1244, 'CIS-09', 8, '2026-03', 57, 'System', 'bienestar@nexus.com'),
(1245, 'CIS-09', 8, '2026-04', 61, 'System', 'bienestar@nexus.com'),
(1246, 'CIS-09', 8, '2026-05', 62, 'System', 'bienestar@nexus.com'),
(1247, 'CIS-09', 8, '2026-06', 60, 'System', 'bienestar@nexus.com'),
(1248, 'CIS-09', 8, '2026-07', 69, 'System', 'bienestar@nexus.com'),
(1249, 'CIS-09', 9, '2025-08', 70, 'System', 'coordinador.cis@nexus.com'),
(1250, 'CIS-09', 9, '2025-09', 70, 'System', 'coordinador.cis@nexus.com'),
(1251, 'CIS-09', 9, '2025-10', 71, 'System', 'coordinador.cis@nexus.com'),
(1252, 'CIS-09', 9, '2025-11', 74, 'System', 'coordinador.cis@nexus.com'),
(1253, 'CIS-09', 9, '2025-12', 73, 'System', 'coordinador.cis@nexus.com'),
(1254, 'CIS-09', 9, '2026-01', 72, 'System', 'coordinador.cis@nexus.com'),
(1255, 'CIS-09', 9, '2026-02', 72, 'System', 'coordinador.cis@nexus.com'),
(1256, 'CIS-09', 9, '2026-03', 74, 'System', 'coordinador.cis@nexus.com'),
(1257, 'CIS-09', 9, '2026-04', 75, 'System', 'coordinador.cis@nexus.com'),
(1258, 'CIS-09', 9, '2026-05', 75, 'System', 'coordinador.cis@nexus.com'),
(1259, 'CIS-09', 9, '2026-06', 79, 'System', 'coordinador.cis@nexus.com'),
(1260, 'CIS-09', 9, '2026-07', 82, 'System', 'coordinador.cis@nexus.com'),
(1261, 'CIS-09', 10, '2025-08', 54, 'System', 'bienestar@nexus.com'),
(1262, 'CIS-09', 10, '2025-09', 58, 'System', 'bienestar@nexus.com'),
(1263, 'CIS-09', 10, '2025-10', 57, 'System', 'bienestar@nexus.com'),
(1264, 'CIS-09', 10, '2025-11', 62, 'System', 'bienestar@nexus.com'),
(1265, 'CIS-09', 10, '2025-12', 65, 'System', 'bienestar@nexus.com'),
(1266, 'CIS-09', 10, '2026-01', 65, 'System', 'bienestar@nexus.com'),
(1267, 'CIS-09', 10, '2026-02', 66, 'System', 'bienestar@nexus.com'),
(1268, 'CIS-09', 10, '2026-03', 66, 'System', 'bienestar@nexus.com'),
(1269, 'CIS-09', 10, '2026-04', 69, 'System', 'bienestar@nexus.com'),
(1270, 'CIS-09', 10, '2026-05', 71, 'System', 'bienestar@nexus.com'),
(1271, 'CIS-09', 10, '2026-06', 74, 'System', 'bienestar@nexus.com'),
(1272, 'CIS-09', 10, '2026-07', 76, 'System', 'bienestar@nexus.com'),
(1273, 'CIS-09', 11, '2025-08', 47, 'System', 'bienestar@nexus.com'),
(1274, 'CIS-09', 11, '2025-09', 48, 'System', 'bienestar@nexus.com'),
(1275, 'CIS-09', 11, '2025-10', 48, 'System', 'bienestar@nexus.com'),
(1276, 'CIS-09', 11, '2025-11', 51, 'System', 'bienestar@nexus.com'),
(1277, 'CIS-09', 11, '2025-12', 52, 'System', 'bienestar@nexus.com'),
(1278, 'CIS-09', 11, '2026-01', 54, 'System', 'bienestar@nexus.com'),
(1279, 'CIS-09', 11, '2026-02', 57, 'System', 'bienestar@nexus.com'),
(1280, 'CIS-09', 11, '2026-03', 61, 'System', 'bienestar@nexus.com'),
(1281, 'CIS-09', 11, '2026-04', 60, 'System', 'bienestar@nexus.com'),
(1282, 'CIS-09', 11, '2026-05', 62, 'System', 'bienestar@nexus.com'),
(1283, 'CIS-09', 11, '2026-06', 64, 'System', 'bienestar@nexus.com'),
(1284, 'CIS-09', 11, '2026-07', 67, 'System', 'bienestar@nexus.com'),
(1285, 'CIS-09', 12, '2025-08', 53, 'System', 'bienestar@nexus.com'),
(1286, 'CIS-09', 12, '2025-09', 56, 'System', 'bienestar@nexus.com'),
(1287, 'CIS-09', 12, '2025-10', 60, 'System', 'bienestar@nexus.com'),
(1288, 'CIS-09', 12, '2025-11', 61, 'System', 'bienestar@nexus.com'),
(1289, 'CIS-09', 12, '2025-12', 64, 'System', 'bienestar@nexus.com'),
(1290, 'CIS-09', 12, '2026-01', 65, 'System', 'bienestar@nexus.com'),
(1291, 'CIS-09', 12, '2026-02', 67, 'System', 'bienestar@nexus.com'),
(1292, 'CIS-09', 12, '2026-03', 67, 'System', 'bienestar@nexus.com'),
(1293, 'CIS-09', 12, '2026-04', 66, 'System', 'bienestar@nexus.com'),
(1294, 'CIS-09', 12, '2026-05', 69, 'System', 'bienestar@nexus.com'),
(1295, 'CIS-09', 12, '2026-06', 68, 'System', 'bienestar@nexus.com'),
(1296, 'CIS-09', 12, '2026-07', 71, 'System', 'bienestar@nexus.com'),
(1297, 'CIS-10', 1, '2025-08', 67, 'System', 'evaluacion@nexus.com'),
(1298, 'CIS-10', 1, '2025-09', 65, 'System', 'evaluacion@nexus.com'),
(1299, 'CIS-10', 1, '2025-10', 62, 'System', 'evaluacion@nexus.com'),
(1300, 'CIS-10', 1, '2025-11', 61, 'System', 'evaluacion@nexus.com'),
(1301, 'CIS-10', 1, '2025-12', 58, 'System', 'evaluacion@nexus.com'),
(1302, 'CIS-10', 1, '2026-01', 59, 'System', 'evaluacion@nexus.com'),
(1303, 'CIS-10', 1, '2026-02', 59, 'System', 'evaluacion@nexus.com'),
(1304, 'CIS-10', 1, '2026-03', 60, 'System', 'evaluacion@nexus.com'),
(1305, 'CIS-10', 1, '2026-04', 59, 'System', 'evaluacion@nexus.com'),
(1306, 'CIS-10', 1, '2026-05', 58, 'System', 'evaluacion@nexus.com'),
(1307, 'CIS-10', 1, '2026-06', 56, 'System', 'evaluacion@nexus.com'),
(1308, 'CIS-10', 1, '2026-07', 58, 'System', 'evaluacion@nexus.com'),
(1309, 'CIS-10', 2, '2025-08', 19, 'System', 'coordinador.cis@nexus.com'),
(1310, 'CIS-10', 2, '2025-09', 18, 'System', 'coordinador.cis@nexus.com'),
(1311, 'CIS-10', 2, '2025-10', 19, 'System', 'coordinador.cis@nexus.com'),
(1312, 'CIS-10', 2, '2025-11', 17, 'System', 'coordinador.cis@nexus.com'),
(1313, 'CIS-10', 2, '2025-12', 15, 'System', 'coordinador.cis@nexus.com'),
(1314, 'CIS-10', 2, '2026-01', 13, 'System', 'coordinador.cis@nexus.com'),
(1315, 'CIS-10', 2, '2026-02', 12, 'System', 'coordinador.cis@nexus.com'),
(1316, 'CIS-10', 2, '2026-03', 11, 'System', 'coordinador.cis@nexus.com'),
(1317, 'CIS-10', 2, '2026-04', 13, 'System', 'coordinador.cis@nexus.com'),
(1318, 'CIS-10', 2, '2026-05', 10, 'System', 'coordinador.cis@nexus.com'),
(1319, 'CIS-10', 2, '2026-06', 9, 'System', 'coordinador.cis@nexus.com'),
(1320, 'CIS-10', 2, '2026-07', 11, 'System', 'coordinador.cis@nexus.com'),
(1321, 'CIS-10', 3, '2025-08', 12, 'System', 'coordinador.cis@nexus.com'),
(1322, 'CIS-10', 3, '2025-09', 10, 'System', 'coordinador.cis@nexus.com'),
(1323, 'CIS-10', 3, '2025-10', 11, 'System', 'coordinador.cis@nexus.com'),
(1324, 'CIS-10', 3, '2025-11', 9, 'System', 'coordinador.cis@nexus.com'),
(1325, 'CIS-10', 3, '2025-12', 7, 'System', 'coordinador.cis@nexus.com'),
(1326, 'CIS-10', 3, '2026-01', 6, 'System', 'coordinador.cis@nexus.com'),
(1327, 'CIS-10', 3, '2026-02', 4, 'System', 'coordinador.cis@nexus.com'),
(1328, 'CIS-10', 3, '2026-03', 5, 'System', 'coordinador.cis@nexus.com'),
(1329, 'CIS-10', 3, '2026-04', 5, 'System', 'coordinador.cis@nexus.com'),
(1330, 'CIS-10', 3, '2026-05', 6, 'System', 'coordinador.cis@nexus.com'),
(1331, 'CIS-10', 3, '2026-06', 7, 'System', 'coordinador.cis@nexus.com'),
(1332, 'CIS-10', 3, '2026-07', 5, 'System', 'coordinador.cis@nexus.com'),
(1333, 'CIS-10', 4, '2025-08', 68, 'System', 'evaluacion@nexus.com'),
(1334, 'CIS-10', 4, '2025-09', 71, 'System', 'evaluacion@nexus.com'),
(1335, 'CIS-10', 4, '2025-10', 72, 'System', 'evaluacion@nexus.com'),
(1336, 'CIS-10', 4, '2025-11', 74, 'System', 'evaluacion@nexus.com'),
(1337, 'CIS-10', 4, '2025-12', 74, 'System', 'evaluacion@nexus.com'),
(1338, 'CIS-10', 4, '2026-01', 73, 'System', 'evaluacion@nexus.com'),
(1339, 'CIS-10', 4, '2026-02', 74, 'System', 'evaluacion@nexus.com'),
(1340, 'CIS-10', 4, '2026-03', 73, 'System', 'evaluacion@nexus.com'),
(1341, 'CIS-10', 4, '2026-04', 74, 'System', 'evaluacion@nexus.com'),
(1342, 'CIS-10', 4, '2026-05', 77, 'System', 'evaluacion@nexus.com'),
(1343, 'CIS-10', 4, '2026-06', 77, 'System', 'evaluacion@nexus.com'),
(1344, 'CIS-10', 4, '2026-07', 81, 'System', 'evaluacion@nexus.com'),
(1345, 'CIS-10', 5, '2025-08', 25, 'System', 'coordinador.cis@nexus.com'),
(1346, 'CIS-10', 5, '2025-09', 26, 'System', 'coordinador.cis@nexus.com'),
(1347, 'CIS-10', 5, '2025-10', 26, 'System', 'coordinador.cis@nexus.com'),
(1348, 'CIS-10', 5, '2025-11', 23, 'System', 'coordinador.cis@nexus.com'),
(1349, 'CIS-10', 5, '2025-12', 24, 'System', 'coordinador.cis@nexus.com'),
(1350, 'CIS-10', 5, '2026-01', 24, 'System', 'coordinador.cis@nexus.com'),
(1351, 'CIS-10', 5, '2026-02', 21, 'System', 'coordinador.cis@nexus.com'),
(1352, 'CIS-10', 5, '2026-03', 21, 'System', 'coordinador.cis@nexus.com'),
(1353, 'CIS-10', 5, '2026-04', 18, 'System', 'coordinador.cis@nexus.com'),
(1354, 'CIS-10', 5, '2026-05', 19, 'System', 'coordinador.cis@nexus.com'),
(1355, 'CIS-10', 5, '2026-06', 15, 'System', 'coordinador.cis@nexus.com'),
(1356, 'CIS-10', 5, '2026-07', 16, 'System', 'coordinador.cis@nexus.com'),
(1357, 'CIS-10', 6, '2025-08', 52, 'System', 'evaluacion@nexus.com'),
(1358, 'CIS-10', 6, '2025-09', 50, 'System', 'evaluacion@nexus.com'),
(1359, 'CIS-10', 6, '2025-10', 53, 'System', 'evaluacion@nexus.com'),
(1360, 'CIS-10', 6, '2025-11', 55, 'System', 'evaluacion@nexus.com'),
(1361, 'CIS-10', 6, '2025-12', 62, 'System', 'evaluacion@nexus.com'),
(1362, 'CIS-10', 6, '2026-01', 67, 'System', 'evaluacion@nexus.com'),
(1363, 'CIS-10', 6, '2026-02', 65, 'System', 'evaluacion@nexus.com'),
(1364, 'CIS-10', 6, '2026-03', 67, 'System', 'evaluacion@nexus.com'),
(1365, 'CIS-10', 6, '2026-04', 72, 'System', 'evaluacion@nexus.com'),
(1366, 'CIS-10', 6, '2026-05', 72, 'System', 'evaluacion@nexus.com'),
(1367, 'CIS-10', 6, '2026-06', 74, 'System', 'evaluacion@nexus.com'),
(1368, 'CIS-10', 6, '2026-07', 74, 'System', 'evaluacion@nexus.com'),
(1369, 'CIS-10', 7, '2025-08', 60, 'System', 'coordinador.cis@nexus.com'),
(1370, 'CIS-10', 7, '2025-09', 62, 'System', 'coordinador.cis@nexus.com'),
(1371, 'CIS-10', 7, '2025-10', 67, 'System', 'coordinador.cis@nexus.com'),
(1372, 'CIS-10', 7, '2025-11', 70, 'System', 'coordinador.cis@nexus.com'),
(1373, 'CIS-10', 7, '2025-12', 70, 'System', 'coordinador.cis@nexus.com'),
(1374, 'CIS-10', 7, '2026-01', 73, 'System', 'coordinador.cis@nexus.com'),
(1375, 'CIS-10', 7, '2026-02', 75, 'System', 'coordinador.cis@nexus.com'),
(1376, 'CIS-10', 7, '2026-03', 74, 'System', 'coordinador.cis@nexus.com'),
(1377, 'CIS-10', 7, '2026-04', 77, 'System', 'coordinador.cis@nexus.com'),
(1378, 'CIS-10', 7, '2026-05', 79, 'System', 'coordinador.cis@nexus.com'),
(1379, 'CIS-10', 7, '2026-06', 82, 'System', 'coordinador.cis@nexus.com'),
(1380, 'CIS-10', 7, '2026-07', 83, 'System', 'coordinador.cis@nexus.com'),
(1381, 'CIS-10', 8, '2025-08', 46, 'System', 'bienestar@nexus.com'),
(1382, 'CIS-10', 8, '2025-09', 45, 'System', 'bienestar@nexus.com'),
(1383, 'CIS-10', 8, '2025-10', 44, 'System', 'bienestar@nexus.com'),
(1384, 'CIS-10', 8, '2025-11', 46, 'System', 'bienestar@nexus.com'),
(1385, 'CIS-10', 8, '2025-12', 49, 'System', 'bienestar@nexus.com'),
(1386, 'CIS-10', 8, '2026-01', 49, 'System', 'bienestar@nexus.com'),
(1387, 'CIS-10', 8, '2026-02', 48, 'System', 'bienestar@nexus.com'),
(1388, 'CIS-10', 8, '2026-03', 50, 'System', 'bienestar@nexus.com'),
(1389, 'CIS-10', 8, '2026-04', 53, 'System', 'bienestar@nexus.com'),
(1390, 'CIS-10', 8, '2026-05', 54, 'System', 'bienestar@nexus.com'),
(1391, 'CIS-10', 8, '2026-06', 56, 'System', 'bienestar@nexus.com'),
(1392, 'CIS-10', 8, '2026-07', 67, 'System', 'bienestar@nexus.com'),
(1393, 'CIS-10', 9, '2025-08', 64, 'System', 'coordinador.cis@nexus.com'),
(1394, 'CIS-10', 9, '2025-09', 65, 'System', 'coordinador.cis@nexus.com'),
(1395, 'CIS-10', 9, '2025-10', 69, 'System', 'coordinador.cis@nexus.com'),
(1396, 'CIS-10', 9, '2025-11', 68, 'System', 'coordinador.cis@nexus.com'),
(1397, 'CIS-10', 9, '2025-12', 71, 'System', 'coordinador.cis@nexus.com'),
(1398, 'CIS-10', 9, '2026-01', 72, 'System', 'coordinador.cis@nexus.com'),
(1399, 'CIS-10', 9, '2026-02', 72, 'System', 'coordinador.cis@nexus.com'),
(1400, 'CIS-10', 9, '2026-03', 73, 'System', 'coordinador.cis@nexus.com'),
(1401, 'CIS-10', 9, '2026-04', 73, 'System', 'coordinador.cis@nexus.com'),
(1402, 'CIS-10', 9, '2026-05', 76, 'System', 'coordinador.cis@nexus.com'),
(1403, 'CIS-10', 9, '2026-06', 79, 'System', 'coordinador.cis@nexus.com'),
(1404, 'CIS-10', 9, '2026-07', 82, 'System', 'coordinador.cis@nexus.com'),
(1405, 'CIS-10', 10, '2025-08', 58, 'System', 'bienestar@nexus.com'),
(1406, 'CIS-10', 10, '2025-09', 61, 'System', 'bienestar@nexus.com'),
(1407, 'CIS-10', 10, '2025-10', 62, 'System', 'bienestar@nexus.com'),
(1408, 'CIS-10', 10, '2025-11', 62, 'System', 'bienestar@nexus.com'),
(1409, 'CIS-10', 10, '2025-12', 62, 'System', 'bienestar@nexus.com'),
(1410, 'CIS-10', 10, '2026-01', 61, 'System', 'bienestar@nexus.com'),
(1411, 'CIS-10', 10, '2026-02', 65, 'System', 'bienestar@nexus.com'),
(1412, 'CIS-10', 10, '2026-03', 66, 'System', 'bienestar@nexus.com'),
(1413, 'CIS-10', 10, '2026-04', 69, 'System', 'bienestar@nexus.com'),
(1414, 'CIS-10', 10, '2026-05', 74, 'System', 'bienestar@nexus.com'),
(1415, 'CIS-10', 10, '2026-06', 73, 'System', 'bienestar@nexus.com'),
(1416, 'CIS-10', 10, '2026-07', 75, 'System', 'bienestar@nexus.com'),
(1417, 'CIS-10', 11, '2025-08', 47, 'System', 'bienestar@nexus.com'),
(1418, 'CIS-10', 11, '2025-09', 49, 'System', 'bienestar@nexus.com'),
(1419, 'CIS-10', 11, '2025-10', 48, 'System', 'bienestar@nexus.com'),
(1420, 'CIS-10', 11, '2025-11', 51, 'System', 'bienestar@nexus.com'),
(1421, 'CIS-10', 11, '2025-12', 52, 'System', 'bienestar@nexus.com'),
(1422, 'CIS-10', 11, '2026-01', 52, 'System', 'bienestar@nexus.com'),
(1423, 'CIS-10', 11, '2026-02', 56, 'System', 'bienestar@nexus.com'),
(1424, 'CIS-10', 11, '2026-03', 58, 'System', 'bienestar@nexus.com'),
(1425, 'CIS-10', 11, '2026-04', 59, 'System', 'bienestar@nexus.com'),
(1426, 'CIS-10', 11, '2026-05', 59, 'System', 'bienestar@nexus.com'),
(1427, 'CIS-10', 11, '2026-06', 61, 'System', 'bienestar@nexus.com'),
(1428, 'CIS-10', 11, '2026-07', 68, 'System', 'bienestar@nexus.com'),
(1429, 'CIS-10', 12, '2025-08', 57, 'System', 'bienestar@nexus.com'),
(1430, 'CIS-10', 12, '2025-09', 60, 'System', 'bienestar@nexus.com'),
(1431, 'CIS-10', 12, '2025-10', 62, 'System', 'bienestar@nexus.com'),
(1432, 'CIS-10', 12, '2025-11', 62, 'System', 'bienestar@nexus.com'),
(1433, 'CIS-10', 12, '2025-12', 65, 'System', 'bienestar@nexus.com'),
(1434, 'CIS-10', 12, '2026-01', 65, 'System', 'bienestar@nexus.com'),
(1435, 'CIS-10', 12, '2026-02', 68, 'System', 'bienestar@nexus.com'),
(1436, 'CIS-10', 12, '2026-03', 70, 'System', 'bienestar@nexus.com'),
(1437, 'CIS-10', 12, '2026-04', 68, 'System', 'bienestar@nexus.com'),
(1438, 'CIS-10', 12, '2026-05', 69, 'System', 'bienestar@nexus.com'),
(1439, 'CIS-10', 12, '2026-06', 69, 'System', 'bienestar@nexus.com'),
(1440, 'CIS-10', 12, '2026-07', 69, 'System', 'bienestar@nexus.com'),
(1441, 'CIS-11', 1, '2025-08', 65, 'System', 'evaluacion@nexus.com'),
(1442, 'CIS-11', 1, '2025-09', 66, 'System', 'evaluacion@nexus.com'),
(1443, 'CIS-11', 1, '2025-10', 63, 'System', 'evaluacion@nexus.com'),
(1444, 'CIS-11', 1, '2025-11', 60, 'System', 'evaluacion@nexus.com'),
(1445, 'CIS-11', 1, '2025-12', 62, 'System', 'evaluacion@nexus.com'),
(1446, 'CIS-11', 1, '2026-01', 62, 'System', 'evaluacion@nexus.com'),
(1447, 'CIS-11', 1, '2026-02', 62, 'System', 'evaluacion@nexus.com'),
(1448, 'CIS-11', 1, '2026-03', 60, 'System', 'evaluacion@nexus.com'),
(1449, 'CIS-11', 1, '2026-04', 60, 'System', 'evaluacion@nexus.com'),
(1450, 'CIS-11', 1, '2026-05', 57, 'System', 'evaluacion@nexus.com'),
(1451, 'CIS-11', 1, '2026-06', 60, 'System', 'evaluacion@nexus.com'),
(1452, 'CIS-11', 1, '2026-07', 59, 'System', 'evaluacion@nexus.com'),
(1453, 'CIS-11', 2, '2025-08', 20, 'System', 'coordinador.cis@nexus.com'),
(1454, 'CIS-11', 2, '2025-09', 18, 'System', 'coordinador.cis@nexus.com'),
(1455, 'CIS-11', 2, '2025-10', 16, 'System', 'coordinador.cis@nexus.com'),
(1456, 'CIS-11', 2, '2025-11', 14, 'System', 'coordinador.cis@nexus.com'),
(1457, 'CIS-11', 2, '2025-12', 12, 'System', 'coordinador.cis@nexus.com'),
(1458, 'CIS-11', 2, '2026-01', 13, 'System', 'coordinador.cis@nexus.com'),
(1459, 'CIS-11', 2, '2026-02', 11, 'System', 'coordinador.cis@nexus.com'),
(1460, 'CIS-11', 2, '2026-03', 11, 'System', 'coordinador.cis@nexus.com'),
(1461, 'CIS-11', 2, '2026-04', 11, 'System', 'coordinador.cis@nexus.com'),
(1462, 'CIS-11', 2, '2026-05', 9, 'System', 'coordinador.cis@nexus.com'),
(1463, 'CIS-11', 2, '2026-06', 11, 'System', 'coordinador.cis@nexus.com'),
(1464, 'CIS-11', 2, '2026-07', 11, 'System', 'coordinador.cis@nexus.com'),
(1465, 'CIS-11', 3, '2025-08', 11, 'System', 'coordinador.cis@nexus.com'),
(1466, 'CIS-11', 3, '2025-09', 11, 'System', 'coordinador.cis@nexus.com'),
(1467, 'CIS-11', 3, '2025-10', 10, 'System', 'coordinador.cis@nexus.com'),
(1468, 'CIS-11', 3, '2025-11', 9, 'System', 'coordinador.cis@nexus.com'),
(1469, 'CIS-11', 3, '2025-12', 9, 'System', 'coordinador.cis@nexus.com'),
(1470, 'CIS-11', 3, '2026-01', 8, 'System', 'coordinador.cis@nexus.com'),
(1471, 'CIS-11', 3, '2026-02', 8, 'System', 'coordinador.cis@nexus.com'),
(1472, 'CIS-11', 3, '2026-03', 6, 'System', 'coordinador.cis@nexus.com'),
(1473, 'CIS-11', 3, '2026-04', 7, 'System', 'coordinador.cis@nexus.com'),
(1474, 'CIS-11', 3, '2026-05', 5, 'System', 'coordinador.cis@nexus.com'),
(1475, 'CIS-11', 3, '2026-06', 4, 'System', 'coordinador.cis@nexus.com'),
(1476, 'CIS-11', 3, '2026-07', 6, 'System', 'coordinador.cis@nexus.com'),
(1477, 'CIS-11', 4, '2025-08', 62, 'System', 'evaluacion@nexus.com'),
(1478, 'CIS-11', 4, '2025-09', 62, 'System', 'evaluacion@nexus.com'),
(1479, 'CIS-11', 4, '2025-10', 66, 'System', 'evaluacion@nexus.com'),
(1480, 'CIS-11', 4, '2025-11', 71, 'System', 'evaluacion@nexus.com'),
(1481, 'CIS-11', 4, '2025-12', 74, 'System', 'evaluacion@nexus.com'),
(1482, 'CIS-11', 4, '2026-01', 73, 'System', 'evaluacion@nexus.com'),
(1483, 'CIS-11', 4, '2026-02', 75, 'System', 'evaluacion@nexus.com'),
(1484, 'CIS-11', 4, '2026-03', 73, 'System', 'evaluacion@nexus.com'),
(1485, 'CIS-11', 4, '2026-04', 77, 'System', 'evaluacion@nexus.com'),
(1486, 'CIS-11', 4, '2026-05', 80, 'System', 'evaluacion@nexus.com'),
(1487, 'CIS-11', 4, '2026-06', 76, 'System', 'evaluacion@nexus.com'),
(1488, 'CIS-11', 4, '2026-07', 79, 'System', 'evaluacion@nexus.com'),
(1489, 'CIS-11', 5, '2025-08', 25, 'System', 'coordinador.cis@nexus.com'),
(1490, 'CIS-11', 5, '2025-09', 24, 'System', 'coordinador.cis@nexus.com'),
(1491, 'CIS-11', 5, '2025-10', 25, 'System', 'coordinador.cis@nexus.com'),
(1492, 'CIS-11', 5, '2025-11', 21, 'System', 'coordinador.cis@nexus.com'),
(1493, 'CIS-11', 5, '2025-12', 20, 'System', 'coordinador.cis@nexus.com'),
(1494, 'CIS-11', 5, '2026-01', 21, 'System', 'coordinador.cis@nexus.com'),
(1495, 'CIS-11', 5, '2026-02', 21, 'System', 'coordinador.cis@nexus.com'),
(1496, 'CIS-11', 5, '2026-03', 20, 'System', 'coordinador.cis@nexus.com'),
(1497, 'CIS-11', 5, '2026-04', 20, 'System', 'coordinador.cis@nexus.com'),
(1498, 'CIS-11', 5, '2026-05', 17, 'System', 'coordinador.cis@nexus.com'),
(1499, 'CIS-11', 5, '2026-06', 15, 'System', 'coordinador.cis@nexus.com'),
(1500, 'CIS-11', 5, '2026-07', 16, 'System', 'coordinador.cis@nexus.com'),
(1501, 'CIS-11', 6, '2025-08', 57, 'System', 'evaluacion@nexus.com'),
(1502, 'CIS-11', 6, '2025-09', 56, 'System', 'evaluacion@nexus.com'),
(1503, 'CIS-11', 6, '2025-10', 62, 'System', 'evaluacion@nexus.com'),
(1504, 'CIS-11', 6, '2025-11', 62, 'System', 'evaluacion@nexus.com'),
(1505, 'CIS-11', 6, '2025-12', 61, 'System', 'evaluacion@nexus.com'),
(1506, 'CIS-11', 6, '2026-01', 60, 'System', 'evaluacion@nexus.com'),
(1507, 'CIS-11', 6, '2026-02', 66, 'System', 'evaluacion@nexus.com'),
(1508, 'CIS-11', 6, '2026-03', 71, 'System', 'evaluacion@nexus.com'),
(1509, 'CIS-11', 6, '2026-04', 73, 'System', 'evaluacion@nexus.com'),
(1510, 'CIS-11', 6, '2026-05', 76, 'System', 'evaluacion@nexus.com'),
(1511, 'CIS-11', 6, '2026-06', 73, 'System', 'evaluacion@nexus.com'),
(1512, 'CIS-11', 6, '2026-07', 76, 'System', 'evaluacion@nexus.com'),
(1513, 'CIS-11', 7, '2025-08', 64, 'System', 'coordinador.cis@nexus.com'),
(1514, 'CIS-11', 7, '2025-09', 65, 'System', 'coordinador.cis@nexus.com'),
(1515, 'CIS-11', 7, '2025-10', 66, 'System', 'coordinador.cis@nexus.com'),
(1516, 'CIS-11', 7, '2025-11', 68, 'System', 'coordinador.cis@nexus.com'),
(1517, 'CIS-11', 7, '2025-12', 74, 'System', 'coordinador.cis@nexus.com'),
(1518, 'CIS-11', 7, '2026-01', 74, 'System', 'coordinador.cis@nexus.com'),
(1519, 'CIS-11', 7, '2026-02', 74, 'System', 'coordinador.cis@nexus.com'),
(1520, 'CIS-11', 7, '2026-03', 75, 'System', 'coordinador.cis@nexus.com'),
(1521, 'CIS-11', 7, '2026-04', 77, 'System', 'coordinador.cis@nexus.com'),
(1522, 'CIS-11', 7, '2026-05', 79, 'System', 'coordinador.cis@nexus.com'),
(1523, 'CIS-11', 7, '2026-06', 82, 'System', 'coordinador.cis@nexus.com'),
(1524, 'CIS-11', 7, '2026-07', 89, 'System', 'coordinador.cis@nexus.com'),
(1525, 'CIS-11', 8, '2025-08', 44, 'System', 'bienestar@nexus.com'),
(1526, 'CIS-11', 8, '2025-09', 50, 'System', 'bienestar@nexus.com'),
(1527, 'CIS-11', 8, '2025-10', 51, 'System', 'bienestar@nexus.com'),
(1528, 'CIS-11', 8, '2025-11', 53, 'System', 'bienestar@nexus.com'),
(1529, 'CIS-11', 8, '2025-12', 52, 'System', 'bienestar@nexus.com'),
(1530, 'CIS-11', 8, '2026-01', 57, 'System', 'bienestar@nexus.com'),
(1531, 'CIS-11', 8, '2026-02', 61, 'System', 'bienestar@nexus.com'),
(1532, 'CIS-11', 8, '2026-03', 64, 'System', 'bienestar@nexus.com'),
(1533, 'CIS-11', 8, '2026-04', 62, 'System', 'bienestar@nexus.com'),
(1534, 'CIS-11', 8, '2026-05', 66, 'System', 'bienestar@nexus.com'),
(1535, 'CIS-11', 8, '2026-06', 68, 'System', 'bienestar@nexus.com'),
(1536, 'CIS-11', 8, '2026-07', 64, 'System', 'bienestar@nexus.com'),
(1537, 'CIS-11', 9, '2025-08', 67, 'System', 'coordinador.cis@nexus.com'),
(1538, 'CIS-11', 9, '2025-09', 68, 'System', 'coordinador.cis@nexus.com'),
(1539, 'CIS-11', 9, '2025-10', 69, 'System', 'coordinador.cis@nexus.com'),
(1540, 'CIS-11', 9, '2025-11', 70, 'System', 'coordinador.cis@nexus.com'),
(1541, 'CIS-11', 9, '2025-12', 72, 'System', 'coordinador.cis@nexus.com'),
(1542, 'CIS-11', 9, '2026-01', 72, 'System', 'coordinador.cis@nexus.com'),
(1543, 'CIS-11', 9, '2026-02', 72, 'System', 'coordinador.cis@nexus.com'),
(1544, 'CIS-11', 9, '2026-03', 74, 'System', 'coordinador.cis@nexus.com'),
(1545, 'CIS-11', 9, '2026-04', 76, 'System', 'coordinador.cis@nexus.com'),
(1546, 'CIS-11', 9, '2026-05', 79, 'System', 'coordinador.cis@nexus.com'),
(1547, 'CIS-11', 9, '2026-06', 78, 'System', 'coordinador.cis@nexus.com'),
(1548, 'CIS-11', 9, '2026-07', 81, 'System', 'coordinador.cis@nexus.com'),
(1549, 'CIS-11', 10, '2025-08', 59, 'System', 'bienestar@nexus.com'),
(1550, 'CIS-11', 10, '2025-09', 61, 'System', 'bienestar@nexus.com'),
(1551, 'CIS-11', 10, '2025-10', 62, 'System', 'bienestar@nexus.com'),
(1552, 'CIS-11', 10, '2025-11', 63, 'System', 'bienestar@nexus.com'),
(1553, 'CIS-11', 10, '2025-12', 64, 'System', 'bienestar@nexus.com'),
(1554, 'CIS-11', 10, '2026-01', 64, 'System', 'bienestar@nexus.com'),
(1555, 'CIS-11', 10, '2026-02', 66, 'System', 'bienestar@nexus.com'),
(1556, 'CIS-11', 10, '2026-03', 69, 'System', 'bienestar@nexus.com'),
(1557, 'CIS-11', 10, '2026-04', 70, 'System', 'bienestar@nexus.com'),
(1558, 'CIS-11', 10, '2026-05', 71, 'System', 'bienestar@nexus.com'),
(1559, 'CIS-11', 10, '2026-06', 76, 'System', 'bienestar@nexus.com'),
(1560, 'CIS-11', 10, '2026-07', 72, 'System', 'bienestar@nexus.com'),
(1561, 'CIS-11', 11, '2025-08', 51, 'System', 'bienestar@nexus.com'),
(1562, 'CIS-11', 11, '2025-09', 50, 'System', 'bienestar@nexus.com'),
(1563, 'CIS-11', 11, '2025-10', 50, 'System', 'bienestar@nexus.com'),
(1564, 'CIS-11', 11, '2025-11', 54, 'System', 'bienestar@nexus.com'),
(1565, 'CIS-11', 11, '2025-12', 55, 'System', 'bienestar@nexus.com'),
(1566, 'CIS-11', 11, '2026-01', 58, 'System', 'bienestar@nexus.com'),
(1567, 'CIS-11', 11, '2026-02', 60, 'System', 'bienestar@nexus.com'),
(1568, 'CIS-11', 11, '2026-03', 63, 'System', 'bienestar@nexus.com'),
(1569, 'CIS-11', 11, '2026-04', 66, 'System', 'bienestar@nexus.com'),
(1570, 'CIS-11', 11, '2026-05', 67, 'System', 'bienestar@nexus.com'),
(1571, 'CIS-11', 11, '2026-06', 67, 'System', 'bienestar@nexus.com'),
(1572, 'CIS-11', 11, '2026-07', 67, 'System', 'bienestar@nexus.com'),
(1573, 'CIS-11', 12, '2025-08', 54, 'System', 'bienestar@nexus.com'),
(1574, 'CIS-11', 12, '2025-09', 54, 'System', 'bienestar@nexus.com'),
(1575, 'CIS-11', 12, '2025-10', 57, 'System', 'bienestar@nexus.com'),
(1576, 'CIS-11', 12, '2025-11', 59, 'System', 'bienestar@nexus.com'),
(1577, 'CIS-11', 12, '2025-12', 61, 'System', 'bienestar@nexus.com'),
(1578, 'CIS-11', 12, '2026-01', 62, 'System', 'bienestar@nexus.com'),
(1579, 'CIS-11', 12, '2026-02', 63, 'System', 'bienestar@nexus.com'),
(1580, 'CIS-11', 12, '2026-03', 66, 'System', 'bienestar@nexus.com'),
(1581, 'CIS-11', 12, '2026-04', 66, 'System', 'bienestar@nexus.com'),
(1582, 'CIS-11', 12, '2026-05', 68, 'System', 'bienestar@nexus.com'),
(1583, 'CIS-11', 12, '2026-06', 70, 'System', 'bienestar@nexus.com'),
(1584, 'CIS-11', 12, '2026-07', 68, 'System', 'bienestar@nexus.com'),
(1585, 'CIS-12', 1, '2025-08', 69, 'System', 'evaluacion@nexus.com'),
(1586, 'CIS-12', 1, '2025-09', 70, 'System', 'evaluacion@nexus.com'),
(1587, 'CIS-12', 1, '2025-10', 67, 'System', 'evaluacion@nexus.com'),
(1588, 'CIS-12', 1, '2025-11', 65, 'System', 'evaluacion@nexus.com'),
(1589, 'CIS-12', 1, '2025-12', 61, 'System', 'evaluacion@nexus.com'),
(1590, 'CIS-12', 1, '2026-01', 61, 'System', 'evaluacion@nexus.com'),
(1591, 'CIS-12', 1, '2026-02', 60, 'System', 'evaluacion@nexus.com'),
(1592, 'CIS-12', 1, '2026-03', 59, 'System', 'evaluacion@nexus.com'),
(1593, 'CIS-12', 1, '2026-04', 57, 'System', 'evaluacion@nexus.com'),
(1594, 'CIS-12', 1, '2026-05', 57, 'System', 'evaluacion@nexus.com'),
(1595, 'CIS-12', 1, '2026-06', 59, 'System', 'evaluacion@nexus.com'),
(1596, 'CIS-12', 1, '2026-07', 59, 'System', 'evaluacion@nexus.com'),
(1597, 'CIS-12', 2, '2025-08', 19, 'System', 'coordinador.cis@nexus.com'),
(1598, 'CIS-12', 2, '2025-09', 19, 'System', 'coordinador.cis@nexus.com'),
(1599, 'CIS-12', 2, '2025-10', 16, 'System', 'coordinador.cis@nexus.com'),
(1600, 'CIS-12', 2, '2025-11', 15, 'System', 'coordinador.cis@nexus.com'),
(1601, 'CIS-12', 2, '2025-12', 16, 'System', 'coordinador.cis@nexus.com'),
(1602, 'CIS-12', 2, '2026-01', 16, 'System', 'coordinador.cis@nexus.com'),
(1603, 'CIS-12', 2, '2026-02', 16, 'System', 'coordinador.cis@nexus.com'),
(1604, 'CIS-12', 2, '2026-03', 13, 'System', 'coordinador.cis@nexus.com'),
(1605, 'CIS-12', 2, '2026-04', 13, 'System', 'coordinador.cis@nexus.com'),
(1606, 'CIS-12', 2, '2026-05', 14, 'System', 'coordinador.cis@nexus.com'),
(1607, 'CIS-12', 2, '2026-06', 9, 'System', 'coordinador.cis@nexus.com'),
(1608, 'CIS-12', 2, '2026-07', 12, 'System', 'coordinador.cis@nexus.com'),
(1609, 'CIS-12', 3, '2025-08', 11, 'System', 'coordinador.cis@nexus.com'),
(1610, 'CIS-12', 3, '2025-09', 10, 'System', 'coordinador.cis@nexus.com'),
(1611, 'CIS-12', 3, '2025-10', 9, 'System', 'coordinador.cis@nexus.com'),
(1612, 'CIS-12', 3, '2025-11', 7, 'System', 'coordinador.cis@nexus.com'),
(1613, 'CIS-12', 3, '2025-12', 7, 'System', 'coordinador.cis@nexus.com'),
(1614, 'CIS-12', 3, '2026-01', 7, 'System', 'coordinador.cis@nexus.com'),
(1615, 'CIS-12', 3, '2026-02', 5, 'System', 'coordinador.cis@nexus.com'),
(1616, 'CIS-12', 3, '2026-03', 4, 'System', 'coordinador.cis@nexus.com'),
(1617, 'CIS-12', 3, '2026-04', 5, 'System', 'coordinador.cis@nexus.com'),
(1618, 'CIS-12', 3, '2026-05', 5, 'System', 'coordinador.cis@nexus.com'),
(1619, 'CIS-12', 3, '2026-06', 5, 'System', 'coordinador.cis@nexus.com'),
(1620, 'CIS-12', 3, '2026-07', 4, 'System', 'coordinador.cis@nexus.com'),
(1621, 'CIS-12', 4, '2025-08', 63, 'System', 'evaluacion@nexus.com'),
(1622, 'CIS-12', 4, '2025-09', 65, 'System', 'evaluacion@nexus.com'),
(1623, 'CIS-12', 4, '2025-10', 69, 'System', 'evaluacion@nexus.com'),
(1624, 'CIS-12', 4, '2025-11', 72, 'System', 'evaluacion@nexus.com'),
(1625, 'CIS-12', 4, '2025-12', 76, 'System', 'evaluacion@nexus.com'),
(1626, 'CIS-12', 4, '2026-01', 79, 'System', 'evaluacion@nexus.com'),
(1627, 'CIS-12', 4, '2026-02', 78, 'System', 'evaluacion@nexus.com'),
(1628, 'CIS-12', 4, '2026-03', 76, 'System', 'evaluacion@nexus.com'),
(1629, 'CIS-12', 4, '2026-04', 78, 'System', 'evaluacion@nexus.com'),
(1630, 'CIS-12', 4, '2026-05', 80, 'System', 'evaluacion@nexus.com'),
(1631, 'CIS-12', 4, '2026-06', 83, 'System', 'evaluacion@nexus.com'),
(1632, 'CIS-12', 4, '2026-07', 78, 'System', 'evaluacion@nexus.com'),
(1633, 'CIS-12', 5, '2025-08', 17, 'System', 'coordinador.cis@nexus.com'),
(1634, 'CIS-12', 5, '2025-09', 14, 'System', 'coordinador.cis@nexus.com'),
(1635, 'CIS-12', 5, '2025-10', 16, 'System', 'coordinador.cis@nexus.com'),
(1636, 'CIS-12', 5, '2025-11', 15, 'System', 'coordinador.cis@nexus.com'),
(1637, 'CIS-12', 5, '2025-12', 16, 'System', 'coordinador.cis@nexus.com'),
(1638, 'CIS-12', 5, '2026-01', 16, 'System', 'coordinador.cis@nexus.com'),
(1639, 'CIS-12', 5, '2026-02', 14, 'System', 'coordinador.cis@nexus.com'),
(1640, 'CIS-12', 5, '2026-03', 15, 'System', 'coordinador.cis@nexus.com'),
(1641, 'CIS-12', 5, '2026-04', 13, 'System', 'coordinador.cis@nexus.com'),
(1642, 'CIS-12', 5, '2026-05', 13, 'System', 'coordinador.cis@nexus.com'),
(1643, 'CIS-12', 5, '2026-06', 13, 'System', 'coordinador.cis@nexus.com'),
(1644, 'CIS-12', 5, '2026-07', 14, 'System', 'coordinador.cis@nexus.com'),
(1645, 'CIS-12', 6, '2025-08', 53, 'System', 'evaluacion@nexus.com'),
(1646, 'CIS-12', 6, '2025-09', 56, 'System', 'evaluacion@nexus.com'),
(1647, 'CIS-12', 6, '2025-10', 58, 'System', 'evaluacion@nexus.com'),
(1648, 'CIS-12', 6, '2025-11', 61, 'System', 'evaluacion@nexus.com'),
(1649, 'CIS-12', 6, '2025-12', 62, 'System', 'evaluacion@nexus.com'),
(1650, 'CIS-12', 6, '2026-01', 64, 'System', 'evaluacion@nexus.com'),
(1651, 'CIS-12', 6, '2026-02', 67, 'System', 'evaluacion@nexus.com'),
(1652, 'CIS-12', 6, '2026-03', 73, 'System', 'evaluacion@nexus.com'),
(1653, 'CIS-12', 6, '2026-04', 74, 'System', 'evaluacion@nexus.com'),
(1654, 'CIS-12', 6, '2026-05', 74, 'System', 'evaluacion@nexus.com'),
(1655, 'CIS-12', 6, '2026-06', 72, 'System', 'evaluacion@nexus.com'),
(1656, 'CIS-12', 6, '2026-07', 79, 'System', 'evaluacion@nexus.com'),
(1657, 'CIS-12', 7, '2025-08', 66, 'System', 'coordinador.cis@nexus.com'),
(1658, 'CIS-12', 7, '2025-09', 69, 'System', 'coordinador.cis@nexus.com'),
(1659, 'CIS-12', 7, '2025-10', 71, 'System', 'coordinador.cis@nexus.com'),
(1660, 'CIS-12', 7, '2025-11', 73, 'System', 'coordinador.cis@nexus.com'),
(1661, 'CIS-12', 7, '2025-12', 78, 'System', 'coordinador.cis@nexus.com'),
(1662, 'CIS-12', 7, '2026-01', 77, 'System', 'coordinador.cis@nexus.com'),
(1663, 'CIS-12', 7, '2026-02', 80, 'System', 'coordinador.cis@nexus.com'),
(1664, 'CIS-12', 7, '2026-03', 80, 'System', 'coordinador.cis@nexus.com'),
(1665, 'CIS-12', 7, '2026-04', 79, 'System', 'coordinador.cis@nexus.com'),
(1666, 'CIS-12', 7, '2026-05', 83, 'System', 'coordinador.cis@nexus.com'),
(1667, 'CIS-12', 7, '2026-06', 83, 'System', 'coordinador.cis@nexus.com'),
(1668, 'CIS-12', 7, '2026-07', 88, 'System', 'coordinador.cis@nexus.com'),
(1669, 'CIS-12', 8, '2025-08', 48, 'System', 'bienestar@nexus.com'),
(1670, 'CIS-12', 8, '2025-09', 47, 'System', 'bienestar@nexus.com'),
(1671, 'CIS-12', 8, '2025-10', 51, 'System', 'bienestar@nexus.com'),
(1672, 'CIS-12', 8, '2025-11', 52, 'System', 'bienestar@nexus.com'),
(1673, 'CIS-12', 8, '2025-12', 55, 'System', 'bienestar@nexus.com'),
(1674, 'CIS-12', 8, '2026-01', 58, 'System', 'bienestar@nexus.com'),
(1675, 'CIS-12', 8, '2026-02', 56, 'System', 'bienestar@nexus.com'),
(1676, 'CIS-12', 8, '2026-03', 59, 'System', 'bienestar@nexus.com'),
(1677, 'CIS-12', 8, '2026-04', 64, 'System', 'bienestar@nexus.com'),
(1678, 'CIS-12', 8, '2026-05', 62, 'System', 'bienestar@nexus.com'),
(1679, 'CIS-12', 8, '2026-06', 61, 'System', 'bienestar@nexus.com'),
(1680, 'CIS-12', 8, '2026-07', 63, 'System', 'bienestar@nexus.com'),
(1681, 'CIS-12', 9, '2025-08', 66, 'System', 'coordinador.cis@nexus.com'),
(1682, 'CIS-12', 9, '2025-09', 67, 'System', 'coordinador.cis@nexus.com'),
(1683, 'CIS-12', 9, '2025-10', 66, 'System', 'coordinador.cis@nexus.com'),
(1684, 'CIS-12', 9, '2025-11', 66, 'System', 'coordinador.cis@nexus.com'),
(1685, 'CIS-12', 9, '2025-12', 67, 'System', 'coordinador.cis@nexus.com'),
(1686, 'CIS-12', 9, '2026-01', 71, 'System', 'coordinador.cis@nexus.com'),
(1687, 'CIS-12', 9, '2026-02', 73, 'System', 'coordinador.cis@nexus.com'),
(1688, 'CIS-12', 9, '2026-03', 74, 'System', 'coordinador.cis@nexus.com'),
(1689, 'CIS-12', 9, '2026-04', 76, 'System', 'coordinador.cis@nexus.com'),
(1690, 'CIS-12', 9, '2026-05', 76, 'System', 'coordinador.cis@nexus.com'),
(1691, 'CIS-12', 9, '2026-06', 77, 'System', 'coordinador.cis@nexus.com'),
(1692, 'CIS-12', 9, '2026-07', 79, 'System', 'coordinador.cis@nexus.com'),
(1693, 'CIS-12', 10, '2025-08', 54, 'System', 'bienestar@nexus.com'),
(1694, 'CIS-12', 10, '2025-09', 58, 'System', 'bienestar@nexus.com'),
(1695, 'CIS-12', 10, '2025-10', 61, 'System', 'bienestar@nexus.com'),
(1696, 'CIS-12', 10, '2025-11', 65, 'System', 'bienestar@nexus.com'),
(1697, 'CIS-12', 10, '2025-12', 69, 'System', 'bienestar@nexus.com'),
(1698, 'CIS-12', 10, '2026-01', 69, 'System', 'bienestar@nexus.com'),
(1699, 'CIS-12', 10, '2026-02', 72, 'System', 'bienestar@nexus.com'),
(1700, 'CIS-12', 10, '2026-03', 72, 'System', 'bienestar@nexus.com'),
(1701, 'CIS-12', 10, '2026-04', 76, 'System', 'bienestar@nexus.com'),
(1702, 'CIS-12', 10, '2026-05', 77, 'System', 'bienestar@nexus.com'),
(1703, 'CIS-12', 10, '2026-06', 75, 'System', 'bienestar@nexus.com'),
(1704, 'CIS-12', 10, '2026-07', 76, 'System', 'bienestar@nexus.com'),
(1705, 'CIS-12', 11, '2025-08', 44, 'System', 'bienestar@nexus.com'),
(1706, 'CIS-12', 11, '2025-09', 48, 'System', 'bienestar@nexus.com'),
(1707, 'CIS-12', 11, '2025-10', 50, 'System', 'bienestar@nexus.com'),
(1708, 'CIS-12', 11, '2025-11', 53, 'System', 'bienestar@nexus.com'),
(1709, 'CIS-12', 11, '2025-12', 57, 'System', 'bienestar@nexus.com'),
(1710, 'CIS-12', 11, '2026-01', 60, 'System', 'bienestar@nexus.com'),
(1711, 'CIS-12', 11, '2026-02', 62, 'System', 'bienestar@nexus.com'),
(1712, 'CIS-12', 11, '2026-03', 62, 'System', 'bienestar@nexus.com'),
(1713, 'CIS-12', 11, '2026-04', 62, 'System', 'bienestar@nexus.com'),
(1714, 'CIS-12', 11, '2026-05', 65, 'System', 'bienestar@nexus.com'),
(1715, 'CIS-12', 11, '2026-06', 64, 'System', 'bienestar@nexus.com'),
(1716, 'CIS-12', 11, '2026-07', 64, 'System', 'bienestar@nexus.com'),
(1717, 'CIS-12', 12, '2025-08', 56, 'System', 'bienestar@nexus.com'),
(1718, 'CIS-12', 12, '2025-09', 58, 'System', 'bienestar@nexus.com'),
(1719, 'CIS-12', 12, '2025-10', 60, 'System', 'bienestar@nexus.com'),
(1720, 'CIS-12', 12, '2025-11', 60, 'System', 'bienestar@nexus.com'),
(1721, 'CIS-12', 12, '2025-12', 61, 'System', 'bienestar@nexus.com'),
(1722, 'CIS-12', 12, '2026-01', 62, 'System', 'bienestar@nexus.com'),
(1723, 'CIS-12', 12, '2026-02', 65, 'System', 'bienestar@nexus.com'),
(1724, 'CIS-12', 12, '2026-03', 69, 'System', 'bienestar@nexus.com'),
(1725, 'CIS-12', 12, '2026-04', 67, 'System', 'bienestar@nexus.com'),
(1726, 'CIS-12', 12, '2026-05', 70, 'System', 'bienestar@nexus.com'),
(1727, 'CIS-12', 12, '2026-06', 68, 'System', 'bienestar@nexus.com'),
(1728, 'CIS-12', 12, '2026-07', 73, 'System', 'bienestar@nexus.com'),
(1729, 'CIS-13', 1, '2025-08', 63, 'System', 'evaluacion@nexus.com'),
(1730, 'CIS-13', 1, '2025-09', 61, 'System', 'evaluacion@nexus.com'),
(1731, 'CIS-13', 1, '2025-10', 58, 'System', 'evaluacion@nexus.com'),
(1732, 'CIS-13', 1, '2025-11', 56, 'System', 'evaluacion@nexus.com'),
(1733, 'CIS-13', 1, '2025-12', 57, 'System', 'evaluacion@nexus.com'),
(1734, 'CIS-13', 1, '2026-01', 58, 'System', 'evaluacion@nexus.com'),
(1735, 'CIS-13', 1, '2026-02', 59, 'System', 'evaluacion@nexus.com'),
(1736, 'CIS-13', 1, '2026-03', 57, 'System', 'evaluacion@nexus.com'),
(1737, 'CIS-13', 1, '2026-04', 56, 'System', 'evaluacion@nexus.com'),
(1738, 'CIS-13', 1, '2026-05', 58, 'System', 'evaluacion@nexus.com'),
(1739, 'CIS-13', 1, '2026-06', 56, 'System', 'evaluacion@nexus.com'),
(1740, 'CIS-13', 1, '2026-07', 57, 'System', 'evaluacion@nexus.com'),
(1741, 'CIS-13', 2, '2025-08', 13, 'System', 'coordinador.cis@nexus.com'),
(1742, 'CIS-13', 2, '2025-09', 15, 'System', 'coordinador.cis@nexus.com'),
(1743, 'CIS-13', 2, '2025-10', 14, 'System', 'coordinador.cis@nexus.com'),
(1744, 'CIS-13', 2, '2025-11', 14, 'System', 'coordinador.cis@nexus.com'),
(1745, 'CIS-13', 2, '2025-12', 15, 'System', 'coordinador.cis@nexus.com'),
(1746, 'CIS-13', 2, '2026-01', 14, 'System', 'coordinador.cis@nexus.com'),
(1747, 'CIS-13', 2, '2026-02', 12, 'System', 'coordinador.cis@nexus.com'),
(1748, 'CIS-13', 2, '2026-03', 11, 'System', 'coordinador.cis@nexus.com'),
(1749, 'CIS-13', 2, '2026-04', 11, 'System', 'coordinador.cis@nexus.com'),
(1750, 'CIS-13', 2, '2026-05', 12, 'System', 'coordinador.cis@nexus.com'),
(1751, 'CIS-13', 2, '2026-06', 10, 'System', 'coordinador.cis@nexus.com'),
(1752, 'CIS-13', 2, '2026-07', 12, 'System', 'coordinador.cis@nexus.com'),
(1753, 'CIS-13', 3, '2025-08', 11, 'System', 'coordinador.cis@nexus.com'),
(1754, 'CIS-13', 3, '2025-09', 11, 'System', 'coordinador.cis@nexus.com'),
(1755, 'CIS-13', 3, '2025-10', 10, 'System', 'coordinador.cis@nexus.com'),
(1756, 'CIS-13', 3, '2025-11', 10, 'System', 'coordinador.cis@nexus.com'),
(1757, 'CIS-13', 3, '2025-12', 11, 'System', 'coordinador.cis@nexus.com'),
(1758, 'CIS-13', 3, '2026-01', 11, 'System', 'coordinador.cis@nexus.com'),
(1759, 'CIS-13', 3, '2026-02', 8, 'System', 'coordinador.cis@nexus.com'),
(1760, 'CIS-13', 3, '2026-03', 8, 'System', 'coordinador.cis@nexus.com'),
(1761, 'CIS-13', 3, '2026-04', 8, 'System', 'coordinador.cis@nexus.com'),
(1762, 'CIS-13', 3, '2026-05', 6, 'System', 'coordinador.cis@nexus.com'),
(1763, 'CIS-13', 3, '2026-06', 4, 'System', 'coordinador.cis@nexus.com'),
(1764, 'CIS-13', 3, '2026-07', 6, 'System', 'coordinador.cis@nexus.com'),
(1765, 'CIS-13', 4, '2025-08', 67, 'System', 'evaluacion@nexus.com'),
(1766, 'CIS-13', 4, '2025-09', 72, 'System', 'evaluacion@nexus.com'),
(1767, 'CIS-13', 4, '2025-10', 75, 'System', 'evaluacion@nexus.com'),
(1768, 'CIS-13', 4, '2025-11', 79, 'System', 'evaluacion@nexus.com'),
(1769, 'CIS-13', 4, '2025-12', 81, 'System', 'evaluacion@nexus.com'),
(1770, 'CIS-13', 4, '2026-01', 81, 'System', 'evaluacion@nexus.com'),
(1771, 'CIS-13', 4, '2026-02', 79, 'System', 'evaluacion@nexus.com'),
(1772, 'CIS-13', 4, '2026-03', 79, 'System', 'evaluacion@nexus.com'),
(1773, 'CIS-13', 4, '2026-04', 82, 'System', 'evaluacion@nexus.com'),
(1774, 'CIS-13', 4, '2026-05', 81, 'System', 'evaluacion@nexus.com'),
(1775, 'CIS-13', 4, '2026-06', 81, 'System', 'evaluacion@nexus.com'),
(1776, 'CIS-13', 4, '2026-07', 81, 'System', 'evaluacion@nexus.com'),
(1777, 'CIS-13', 5, '2025-08', 23, 'System', 'coordinador.cis@nexus.com'),
(1778, 'CIS-13', 5, '2025-09', 20, 'System', 'coordinador.cis@nexus.com'),
(1779, 'CIS-13', 5, '2025-10', 18, 'System', 'coordinador.cis@nexus.com'),
(1780, 'CIS-13', 5, '2025-11', 15, 'System', 'coordinador.cis@nexus.com'),
(1781, 'CIS-13', 5, '2025-12', 16, 'System', 'coordinador.cis@nexus.com'),
(1782, 'CIS-13', 5, '2026-01', 18, 'System', 'coordinador.cis@nexus.com'),
(1783, 'CIS-13', 5, '2026-02', 19, 'System', 'coordinador.cis@nexus.com'),
(1784, 'CIS-13', 5, '2026-03', 20, 'System', 'coordinador.cis@nexus.com'),
(1785, 'CIS-13', 5, '2026-04', 16, 'System', 'coordinador.cis@nexus.com'),
(1786, 'CIS-13', 5, '2026-05', 14, 'System', 'coordinador.cis@nexus.com'),
(1787, 'CIS-13', 5, '2026-06', 16, 'System', 'coordinador.cis@nexus.com'),
(1788, 'CIS-13', 5, '2026-07', 16, 'System', 'coordinador.cis@nexus.com'),
(1789, 'CIS-13', 6, '2025-08', 55, 'System', 'evaluacion@nexus.com'),
(1790, 'CIS-13', 6, '2025-09', 58, 'System', 'evaluacion@nexus.com'),
(1791, 'CIS-13', 6, '2025-10', 62, 'System', 'evaluacion@nexus.com'),
(1792, 'CIS-13', 6, '2025-11', 66, 'System', 'evaluacion@nexus.com'),
(1793, 'CIS-13', 6, '2025-12', 69, 'System', 'evaluacion@nexus.com'),
(1794, 'CIS-13', 6, '2026-01', 71, 'System', 'evaluacion@nexus.com'),
(1795, 'CIS-13', 6, '2026-02', 69, 'System', 'evaluacion@nexus.com'),
(1796, 'CIS-13', 6, '2026-03', 71, 'System', 'evaluacion@nexus.com'),
(1797, 'CIS-13', 6, '2026-04', 75, 'System', 'evaluacion@nexus.com'),
(1798, 'CIS-13', 6, '2026-05', 71, 'System', 'evaluacion@nexus.com'),
(1799, 'CIS-13', 6, '2026-06', 73, 'System', 'evaluacion@nexus.com'),
(1800, 'CIS-13', 6, '2026-07', 75, 'System', 'evaluacion@nexus.com'),
(1801, 'CIS-13', 7, '2025-08', 62, 'System', 'coordinador.cis@nexus.com'),
(1802, 'CIS-13', 7, '2025-09', 64, 'System', 'coordinador.cis@nexus.com'),
(1803, 'CIS-13', 7, '2025-10', 70, 'System', 'coordinador.cis@nexus.com'),
(1804, 'CIS-13', 7, '2025-11', 70, 'System', 'coordinador.cis@nexus.com'),
(1805, 'CIS-13', 7, '2025-12', 72, 'System', 'coordinador.cis@nexus.com'),
(1806, 'CIS-13', 7, '2026-01', 77, 'System', 'coordinador.cis@nexus.com'),
(1807, 'CIS-13', 7, '2026-02', 80, 'System', 'coordinador.cis@nexus.com'),
(1808, 'CIS-13', 7, '2026-03', 83, 'System', 'coordinador.cis@nexus.com'),
(1809, 'CIS-13', 7, '2026-04', 82, 'System', 'coordinador.cis@nexus.com'),
(1810, 'CIS-13', 7, '2026-05', 85, 'System', 'coordinador.cis@nexus.com'),
(1811, 'CIS-13', 7, '2026-06', 85, 'System', 'coordinador.cis@nexus.com'),
(1812, 'CIS-13', 7, '2026-07', 86, 'System', 'coordinador.cis@nexus.com'),
(1813, 'CIS-13', 8, '2025-08', 44, 'System', 'bienestar@nexus.com'),
(1814, 'CIS-13', 8, '2025-09', 44, 'System', 'bienestar@nexus.com'),
(1815, 'CIS-13', 8, '2025-10', 43, 'System', 'bienestar@nexus.com'),
(1816, 'CIS-13', 8, '2025-11', 46, 'System', 'bienestar@nexus.com'),
(1817, 'CIS-13', 8, '2025-12', 47, 'System', 'bienestar@nexus.com'),
(1818, 'CIS-13', 8, '2026-01', 52, 'System', 'bienestar@nexus.com'),
(1819, 'CIS-13', 8, '2026-02', 54, 'System', 'bienestar@nexus.com'),
(1820, 'CIS-13', 8, '2026-03', 55, 'System', 'bienestar@nexus.com'),
(1821, 'CIS-13', 8, '2026-04', 56, 'System', 'bienestar@nexus.com'),
(1822, 'CIS-13', 8, '2026-05', 60, 'System', 'bienestar@nexus.com'),
(1823, 'CIS-13', 8, '2026-06', 59, 'System', 'bienestar@nexus.com'),
(1824, 'CIS-13', 8, '2026-07', 68, 'System', 'bienestar@nexus.com'),
(1825, 'CIS-13', 9, '2025-08', 69, 'System', 'coordinador.cis@nexus.com'),
(1826, 'CIS-13', 9, '2025-09', 72, 'System', 'coordinador.cis@nexus.com'),
(1827, 'CIS-13', 9, '2025-10', 71, 'System', 'coordinador.cis@nexus.com'),
(1828, 'CIS-13', 9, '2025-11', 74, 'System', 'coordinador.cis@nexus.com'),
(1829, 'CIS-13', 9, '2025-12', 76, 'System', 'coordinador.cis@nexus.com'),
(1830, 'CIS-13', 9, '2026-01', 78, 'System', 'coordinador.cis@nexus.com'),
(1831, 'CIS-13', 9, '2026-02', 77, 'System', 'coordinador.cis@nexus.com'),
(1832, 'CIS-13', 9, '2026-03', 79, 'System', 'coordinador.cis@nexus.com'),
(1833, 'CIS-13', 9, '2026-04', 82, 'System', 'coordinador.cis@nexus.com'),
(1834, 'CIS-13', 9, '2026-05', 84, 'System', 'coordinador.cis@nexus.com'),
(1835, 'CIS-13', 9, '2026-06', 80, 'System', 'coordinador.cis@nexus.com'),
(1836, 'CIS-13', 9, '2026-07', 78, 'System', 'coordinador.cis@nexus.com'),
(1837, 'CIS-13', 10, '2025-08', 56, 'System', 'bienestar@nexus.com'),
(1838, 'CIS-13', 10, '2025-09', 58, 'System', 'bienestar@nexus.com'),
(1839, 'CIS-13', 10, '2025-10', 60, 'System', 'bienestar@nexus.com'),
(1840, 'CIS-13', 10, '2025-11', 60, 'System', 'bienestar@nexus.com'),
(1841, 'CIS-13', 10, '2025-12', 62, 'System', 'bienestar@nexus.com'),
(1842, 'CIS-13', 10, '2026-01', 65, 'System', 'bienestar@nexus.com'),
(1843, 'CIS-13', 10, '2026-02', 67, 'System', 'bienestar@nexus.com'),
(1844, 'CIS-13', 10, '2026-03', 71, 'System', 'bienestar@nexus.com'),
(1845, 'CIS-13', 10, '2026-04', 69, 'System', 'bienestar@nexus.com'),
(1846, 'CIS-13', 10, '2026-05', 70, 'System', 'bienestar@nexus.com'),
(1847, 'CIS-13', 10, '2026-06', 75, 'System', 'bienestar@nexus.com'),
(1848, 'CIS-13', 10, '2026-07', 73, 'System', 'bienestar@nexus.com'),
(1849, 'CIS-13', 11, '2025-08', 50, 'System', 'bienestar@nexus.com'),
(1850, 'CIS-13', 11, '2025-09', 49, 'System', 'bienestar@nexus.com'),
(1851, 'CIS-13', 11, '2025-10', 50, 'System', 'bienestar@nexus.com'),
(1852, 'CIS-13', 11, '2025-11', 51, 'System', 'bienestar@nexus.com'),
(1853, 'CIS-13', 11, '2025-12', 53, 'System', 'bienestar@nexus.com'),
(1854, 'CIS-13', 11, '2026-01', 54, 'System', 'bienestar@nexus.com'),
(1855, 'CIS-13', 11, '2026-02', 54, 'System', 'bienestar@nexus.com'),
(1856, 'CIS-13', 11, '2026-03', 56, 'System', 'bienestar@nexus.com'),
(1857, 'CIS-13', 11, '2026-04', 61, 'System', 'bienestar@nexus.com'),
(1858, 'CIS-13', 11, '2026-05', 63, 'System', 'bienestar@nexus.com'),
(1859, 'CIS-13', 11, '2026-06', 64, 'System', 'bienestar@nexus.com'),
(1860, 'CIS-13', 11, '2026-07', 67, 'System', 'bienestar@nexus.com'),
(1861, 'CIS-13', 12, '2025-08', 52, 'System', 'bienestar@nexus.com'),
(1862, 'CIS-13', 12, '2025-09', 56, 'System', 'bienestar@nexus.com'),
(1863, 'CIS-13', 12, '2025-10', 60, 'System', 'bienestar@nexus.com'),
(1864, 'CIS-13', 12, '2025-11', 62, 'System', 'bienestar@nexus.com'),
(1865, 'CIS-13', 12, '2025-12', 65, 'System', 'bienestar@nexus.com'),
(1866, 'CIS-13', 12, '2026-01', 64, 'System', 'bienestar@nexus.com'),
(1867, 'CIS-13', 12, '2026-02', 65, 'System', 'bienestar@nexus.com'),
(1868, 'CIS-13', 12, '2026-03', 69, 'System', 'bienestar@nexus.com'),
(1869, 'CIS-13', 12, '2026-04', 67, 'System', 'bienestar@nexus.com'),
(1870, 'CIS-13', 12, '2026-05', 66, 'System', 'bienestar@nexus.com'),
(1871, 'CIS-13', 12, '2026-06', 68, 'System', 'bienestar@nexus.com'),
(1872, 'CIS-13', 12, '2026-07', 69, 'System', 'bienestar@nexus.com'),
(1873, 'CIS-14', 1, '2025-08', 69, 'System', 'evaluacion@nexus.com'),
(1874, 'CIS-14', 1, '2025-09', 65, 'System', 'evaluacion@nexus.com'),
(1875, 'CIS-14', 1, '2025-10', 65, 'System', 'evaluacion@nexus.com'),
(1876, 'CIS-14', 1, '2025-11', 65, 'System', 'evaluacion@nexus.com'),
(1877, 'CIS-14', 1, '2025-12', 64, 'System', 'evaluacion@nexus.com'),
(1878, 'CIS-14', 1, '2026-01', 63, 'System', 'evaluacion@nexus.com'),
(1879, 'CIS-14', 1, '2026-02', 61, 'System', 'evaluacion@nexus.com'),
(1880, 'CIS-14', 1, '2026-03', 59, 'System', 'evaluacion@nexus.com'),
(1881, 'CIS-14', 1, '2026-04', 61, 'System', 'evaluacion@nexus.com'),
(1882, 'CIS-14', 1, '2026-05', 58, 'System', 'evaluacion@nexus.com'),
(1883, 'CIS-14', 1, '2026-06', 57, 'System', 'evaluacion@nexus.com'),
(1884, 'CIS-14', 1, '2026-07', 56, 'System', 'evaluacion@nexus.com'),
(1885, 'CIS-14', 2, '2025-08', 14, 'System', 'coordinador.cis@nexus.com'),
(1886, 'CIS-14', 2, '2025-09', 12, 'System', 'coordinador.cis@nexus.com'),
(1887, 'CIS-14', 2, '2025-10', 10, 'System', 'coordinador.cis@nexus.com'),
(1888, 'CIS-14', 2, '2025-11', 11, 'System', 'coordinador.cis@nexus.com'),
(1889, 'CIS-14', 2, '2025-12', 11, 'System', 'coordinador.cis@nexus.com'),
(1890, 'CIS-14', 2, '2026-01', 12, 'System', 'coordinador.cis@nexus.com'),
(1891, 'CIS-14', 2, '2026-02', 10, 'System', 'coordinador.cis@nexus.com'),
(1892, 'CIS-14', 2, '2026-03', 10, 'System', 'coordinador.cis@nexus.com'),
(1893, 'CIS-14', 2, '2026-04', 11, 'System', 'coordinador.cis@nexus.com'),
(1894, 'CIS-14', 2, '2026-05', 9, 'System', 'coordinador.cis@nexus.com'),
(1895, 'CIS-14', 2, '2026-06', 9, 'System', 'coordinador.cis@nexus.com'),
(1896, 'CIS-14', 2, '2026-07', 9, 'System', 'coordinador.cis@nexus.com'),
(1897, 'CIS-14', 3, '2025-08', 11, 'System', 'coordinador.cis@nexus.com'),
(1898, 'CIS-14', 3, '2025-09', 10, 'System', 'coordinador.cis@nexus.com'),
(1899, 'CIS-14', 3, '2025-10', 8, 'System', 'coordinador.cis@nexus.com'),
(1900, 'CIS-14', 3, '2025-11', 8, 'System', 'coordinador.cis@nexus.com'),
(1901, 'CIS-14', 3, '2025-12', 7, 'System', 'coordinador.cis@nexus.com'),
(1902, 'CIS-14', 3, '2026-01', 7, 'System', 'coordinador.cis@nexus.com'),
(1903, 'CIS-14', 3, '2026-02', 8, 'System', 'coordinador.cis@nexus.com'),
(1904, 'CIS-14', 3, '2026-03', 7, 'System', 'coordinador.cis@nexus.com'),
(1905, 'CIS-14', 3, '2026-04', 6, 'System', 'coordinador.cis@nexus.com'),
(1906, 'CIS-14', 3, '2026-05', 7, 'System', 'coordinador.cis@nexus.com'),
(1907, 'CIS-14', 3, '2026-06', 7, 'System', 'coordinador.cis@nexus.com'),
(1908, 'CIS-14', 3, '2026-07', 6, 'System', 'coordinador.cis@nexus.com'),
(1909, 'CIS-14', 4, '2025-08', 69, 'System', 'evaluacion@nexus.com'),
(1910, 'CIS-14', 4, '2025-09', 70, 'System', 'evaluacion@nexus.com'),
(1911, 'CIS-14', 4, '2025-10', 70, 'System', 'evaluacion@nexus.com'),
(1912, 'CIS-14', 4, '2025-11', 74, 'System', 'evaluacion@nexus.com'),
(1913, 'CIS-14', 4, '2025-12', 77, 'System', 'evaluacion@nexus.com'),
(1914, 'CIS-14', 4, '2026-01', 78, 'System', 'evaluacion@nexus.com'),
(1915, 'CIS-14', 4, '2026-02', 76, 'System', 'evaluacion@nexus.com'),
(1916, 'CIS-14', 4, '2026-03', 75, 'System', 'evaluacion@nexus.com'),
(1917, 'CIS-14', 4, '2026-04', 78, 'System', 'evaluacion@nexus.com'),
(1918, 'CIS-14', 4, '2026-05', 80, 'System', 'evaluacion@nexus.com'),
(1919, 'CIS-14', 4, '2026-06', 79, 'System', 'evaluacion@nexus.com'),
(1920, 'CIS-14', 4, '2026-07', 83, 'System', 'evaluacion@nexus.com'),
(1921, 'CIS-14', 5, '2025-08', 27, 'System', 'coordinador.cis@nexus.com'),
(1922, 'CIS-14', 5, '2025-09', 24, 'System', 'coordinador.cis@nexus.com'),
(1923, 'CIS-14', 5, '2025-10', 23, 'System', 'coordinador.cis@nexus.com'),
(1924, 'CIS-14', 5, '2025-11', 20, 'System', 'coordinador.cis@nexus.com'),
(1925, 'CIS-14', 5, '2025-12', 18, 'System', 'coordinador.cis@nexus.com'),
(1926, 'CIS-14', 5, '2026-01', 17, 'System', 'coordinador.cis@nexus.com'),
(1927, 'CIS-14', 5, '2026-02', 18, 'System', 'coordinador.cis@nexus.com'),
(1928, 'CIS-14', 5, '2026-03', 15, 'System', 'coordinador.cis@nexus.com'),
(1929, 'CIS-14', 5, '2026-04', 15, 'System', 'coordinador.cis@nexus.com'),
(1930, 'CIS-14', 5, '2026-05', 12, 'System', 'coordinador.cis@nexus.com'),
(1931, 'CIS-14', 5, '2026-06', 15, 'System', 'coordinador.cis@nexus.com'),
(1932, 'CIS-14', 5, '2026-07', 13, 'System', 'coordinador.cis@nexus.com'),
(1933, 'CIS-14', 6, '2025-08', 47, 'System', 'evaluacion@nexus.com'),
(1934, 'CIS-14', 6, '2025-09', 51, 'System', 'evaluacion@nexus.com'),
(1935, 'CIS-14', 6, '2025-10', 54, 'System', 'evaluacion@nexus.com'),
(1936, 'CIS-14', 6, '2025-11', 55, 'System', 'evaluacion@nexus.com'),
(1937, 'CIS-14', 6, '2025-12', 59, 'System', 'evaluacion@nexus.com'),
(1938, 'CIS-14', 6, '2026-01', 62, 'System', 'evaluacion@nexus.com'),
(1939, 'CIS-14', 6, '2026-02', 68, 'System', 'evaluacion@nexus.com'),
(1940, 'CIS-14', 6, '2026-03', 65, 'System', 'evaluacion@nexus.com'),
(1941, 'CIS-14', 6, '2026-04', 66, 'System', 'evaluacion@nexus.com'),
(1942, 'CIS-14', 6, '2026-05', 70, 'System', 'evaluacion@nexus.com'),
(1943, 'CIS-14', 6, '2026-06', 72, 'System', 'evaluacion@nexus.com'),
(1944, 'CIS-14', 6, '2026-07', 75, 'System', 'evaluacion@nexus.com'),
(1945, 'CIS-14', 7, '2025-08', 63, 'System', 'coordinador.cis@nexus.com'),
(1946, 'CIS-14', 7, '2025-09', 65, 'System', 'coordinador.cis@nexus.com'),
(1947, 'CIS-14', 7, '2025-10', 67, 'System', 'coordinador.cis@nexus.com'),
(1948, 'CIS-14', 7, '2025-11', 71, 'System', 'coordinador.cis@nexus.com'),
(1949, 'CIS-14', 7, '2025-12', 73, 'System', 'coordinador.cis@nexus.com'),
(1950, 'CIS-14', 7, '2026-01', 72, 'System', 'coordinador.cis@nexus.com'),
(1951, 'CIS-14', 7, '2026-02', 76, 'System', 'coordinador.cis@nexus.com'),
(1952, 'CIS-14', 7, '2026-03', 76, 'System', 'coordinador.cis@nexus.com'),
(1953, 'CIS-14', 7, '2026-04', 79, 'System', 'coordinador.cis@nexus.com'),
(1954, 'CIS-14', 7, '2026-05', 79, 'System', 'coordinador.cis@nexus.com'),
(1955, 'CIS-14', 7, '2026-06', 82, 'System', 'coordinador.cis@nexus.com'),
(1956, 'CIS-14', 7, '2026-07', 85, 'System', 'coordinador.cis@nexus.com'),
(1957, 'CIS-14', 8, '2025-08', 43, 'System', 'bienestar@nexus.com'),
(1958, 'CIS-14', 8, '2025-09', 46, 'System', 'bienestar@nexus.com'),
(1959, 'CIS-14', 8, '2025-10', 46, 'System', 'bienestar@nexus.com'),
(1960, 'CIS-14', 8, '2025-11', 47, 'System', 'bienestar@nexus.com'),
(1961, 'CIS-14', 8, '2025-12', 49, 'System', 'bienestar@nexus.com'),
(1962, 'CIS-14', 8, '2026-01', 53, 'System', 'bienestar@nexus.com'),
(1963, 'CIS-14', 8, '2026-02', 51, 'System', 'bienestar@nexus.com'),
(1964, 'CIS-14', 8, '2026-03', 50, 'System', 'bienestar@nexus.com'),
(1965, 'CIS-14', 8, '2026-04', 56, 'System', 'bienestar@nexus.com'),
(1966, 'CIS-14', 8, '2026-05', 59, 'System', 'bienestar@nexus.com'),
(1967, 'CIS-14', 8, '2026-06', 60, 'System', 'bienestar@nexus.com'),
(1968, 'CIS-14', 8, '2026-07', 62, 'System', 'bienestar@nexus.com'),
(1969, 'CIS-14', 9, '2025-08', 70, 'System', 'coordinador.cis@nexus.com'),
(1970, 'CIS-14', 9, '2025-09', 70, 'System', 'coordinador.cis@nexus.com'),
(1971, 'CIS-14', 9, '2025-10', 69, 'System', 'coordinador.cis@nexus.com'),
(1972, 'CIS-14', 9, '2025-11', 68, 'System', 'coordinador.cis@nexus.com'),
(1973, 'CIS-14', 9, '2025-12', 71, 'System', 'coordinador.cis@nexus.com'),
(1974, 'CIS-14', 9, '2026-01', 70, 'System', 'coordinador.cis@nexus.com'),
(1975, 'CIS-14', 9, '2026-02', 71, 'System', 'coordinador.cis@nexus.com'),
(1976, 'CIS-14', 9, '2026-03', 72, 'System', 'coordinador.cis@nexus.com'),
(1977, 'CIS-14', 9, '2026-04', 75, 'System', 'coordinador.cis@nexus.com'),
(1978, 'CIS-14', 9, '2026-05', 75, 'System', 'coordinador.cis@nexus.com'),
(1979, 'CIS-14', 9, '2026-06', 80, 'System', 'coordinador.cis@nexus.com'),
(1980, 'CIS-14', 9, '2026-07', 81, 'System', 'coordinador.cis@nexus.com'),
(1981, 'CIS-14', 10, '2025-08', 61, 'System', 'bienestar@nexus.com'),
(1982, 'CIS-14', 10, '2025-09', 60, 'System', 'bienestar@nexus.com'),
(1983, 'CIS-14', 10, '2025-10', 63, 'System', 'bienestar@nexus.com'),
(1984, 'CIS-14', 10, '2025-11', 67, 'System', 'bienestar@nexus.com'),
(1985, 'CIS-14', 10, '2025-12', 69, 'System', 'bienestar@nexus.com'),
(1986, 'CIS-14', 10, '2026-01', 73, 'System', 'bienestar@nexus.com'),
(1987, 'CIS-14', 10, '2026-02', 73, 'System', 'bienestar@nexus.com'),
(1988, 'CIS-14', 10, '2026-03', 71, 'System', 'bienestar@nexus.com'),
(1989, 'CIS-14', 10, '2026-04', 71, 'System', 'bienestar@nexus.com'),
(1990, 'CIS-14', 10, '2026-05', 74, 'System', 'bienestar@nexus.com'),
(1991, 'CIS-14', 10, '2026-06', 77, 'System', 'bienestar@nexus.com'),
(1992, 'CIS-14', 10, '2026-07', 72, 'System', 'bienestar@nexus.com'),
(1993, 'CIS-14', 11, '2025-08', 44, 'System', 'bienestar@nexus.com'),
(1994, 'CIS-14', 11, '2025-09', 43, 'System', 'bienestar@nexus.com'),
(1995, 'CIS-14', 11, '2025-10', 43, 'System', 'bienestar@nexus.com'),
(1996, 'CIS-14', 11, '2025-11', 44, 'System', 'bienestar@nexus.com'),
(1997, 'CIS-14', 11, '2025-12', 47, 'System', 'bienestar@nexus.com'),
(1998, 'CIS-14', 11, '2026-01', 50, 'System', 'bienestar@nexus.com'),
(1999, 'CIS-14', 11, '2026-02', 55, 'System', 'bienestar@nexus.com'),
(2000, 'CIS-14', 11, '2026-03', 58, 'System', 'bienestar@nexus.com'),
(2001, 'CIS-14', 11, '2026-04', 61, 'System', 'bienestar@nexus.com'),
(2002, 'CIS-14', 11, '2026-05', 60, 'System', 'bienestar@nexus.com'),
(2003, 'CIS-14', 11, '2026-06', 63, 'System', 'bienestar@nexus.com'),
(2004, 'CIS-14', 11, '2026-07', 67, 'System', 'bienestar@nexus.com'),
(2005, 'CIS-14', 12, '2025-08', 53, 'System', 'bienestar@nexus.com'),
(2006, 'CIS-14', 12, '2025-09', 53, 'System', 'bienestar@nexus.com'),
(2007, 'CIS-14', 12, '2025-10', 52, 'System', 'bienestar@nexus.com'),
(2008, 'CIS-14', 12, '2025-11', 53, 'System', 'bienestar@nexus.com'),
(2009, 'CIS-14', 12, '2025-12', 54, 'System', 'bienestar@nexus.com'),
(2010, 'CIS-14', 12, '2026-01', 57, 'System', 'bienestar@nexus.com'),
(2011, 'CIS-14', 12, '2026-02', 56, 'System', 'bienestar@nexus.com'),
(2012, 'CIS-14', 12, '2026-03', 61, 'System', 'bienestar@nexus.com'),
(2013, 'CIS-14', 12, '2026-04', 62, 'System', 'bienestar@nexus.com'),
(2014, 'CIS-14', 12, '2026-05', 65, 'System', 'bienestar@nexus.com'),
(2015, 'CIS-14', 12, '2026-06', 70, 'System', 'bienestar@nexus.com'),
(2016, 'CIS-14', 12, '2026-07', 68, 'System', 'bienestar@nexus.com'),
(2017, 'CIS-15', 1, '2025-08', 69, 'System', 'evaluacion@nexus.com'),
(2018, 'CIS-15', 1, '2025-09', 68, 'System', 'evaluacion@nexus.com'),
(2019, 'CIS-15', 1, '2025-10', 69, 'System', 'evaluacion@nexus.com'),
(2020, 'CIS-15', 1, '2025-11', 67, 'System', 'evaluacion@nexus.com'),
(2021, 'CIS-15', 1, '2025-12', 68, 'System', 'evaluacion@nexus.com'),
(2022, 'CIS-15', 1, '2026-01', 64, 'System', 'evaluacion@nexus.com'),
(2023, 'CIS-15', 1, '2026-02', 63, 'System', 'evaluacion@nexus.com'),
(2024, 'CIS-15', 1, '2026-03', 62, 'System', 'evaluacion@nexus.com'),
(2025, 'CIS-15', 1, '2026-04', 63, 'System', 'evaluacion@nexus.com'),
(2026, 'CIS-15', 1, '2026-05', 62, 'System', 'evaluacion@nexus.com'),
(2027, 'CIS-15', 1, '2026-06', 60, 'System', 'evaluacion@nexus.com'),
(2028, 'CIS-15', 1, '2026-07', 58, 'System', 'evaluacion@nexus.com'),
(2029, 'CIS-15', 2, '2025-08', 21, 'System', 'coordinador.cis@nexus.com'),
(2030, 'CIS-15', 2, '2025-09', 20, 'System', 'coordinador.cis@nexus.com'),
(2031, 'CIS-15', 2, '2025-10', 18, 'System', 'coordinador.cis@nexus.com'),
(2032, 'CIS-15', 2, '2025-11', 17, 'System', 'coordinador.cis@nexus.com'),
(2033, 'CIS-15', 2, '2025-12', 17, 'System', 'coordinador.cis@nexus.com'),
(2034, 'CIS-15', 2, '2026-01', 16, 'System', 'coordinador.cis@nexus.com'),
(2035, 'CIS-15', 2, '2026-02', 15, 'System', 'coordinador.cis@nexus.com'),
(2036, 'CIS-15', 2, '2026-03', 15, 'System', 'coordinador.cis@nexus.com'),
(2037, 'CIS-15', 2, '2026-04', 13, 'System', 'coordinador.cis@nexus.com'),
(2038, 'CIS-15', 2, '2026-05', 14, 'System', 'coordinador.cis@nexus.com'),
(2039, 'CIS-15', 2, '2026-06', 10, 'System', 'coordinador.cis@nexus.com'),
(2040, 'CIS-15', 2, '2026-07', 9, 'System', 'coordinador.cis@nexus.com'),
(2041, 'CIS-15', 3, '2025-08', 12, 'System', 'coordinador.cis@nexus.com'),
(2042, 'CIS-15', 3, '2025-09', 11, 'System', 'coordinador.cis@nexus.com'),
(2043, 'CIS-15', 3, '2025-10', 11, 'System', 'coordinador.cis@nexus.com'),
(2044, 'CIS-15', 3, '2025-11', 11, 'System', 'coordinador.cis@nexus.com'),
(2045, 'CIS-15', 3, '2025-12', 10, 'System', 'coordinador.cis@nexus.com'),
(2046, 'CIS-15', 3, '2026-01', 11, 'System', 'coordinador.cis@nexus.com'),
(2047, 'CIS-15', 3, '2026-02', 12, 'System', 'coordinador.cis@nexus.com'),
(2048, 'CIS-15', 3, '2026-03', 12, 'System', 'coordinador.cis@nexus.com'),
(2049, 'CIS-15', 3, '2026-04', 9, 'System', 'coordinador.cis@nexus.com'),
(2050, 'CIS-15', 3, '2026-05', 8, 'System', 'coordinador.cis@nexus.com'),
(2051, 'CIS-15', 3, '2026-06', 6, 'System', 'coordinador.cis@nexus.com'),
(2052, 'CIS-15', 3, '2026-07', 5, 'System', 'coordinador.cis@nexus.com'),
(2053, 'CIS-15', 4, '2025-08', 71, 'System', 'evaluacion@nexus.com'),
(2054, 'CIS-15', 4, '2025-09', 75, 'System', 'evaluacion@nexus.com'),
(2055, 'CIS-15', 4, '2025-10', 78, 'System', 'evaluacion@nexus.com'),
(2056, 'CIS-15', 4, '2025-11', 81, 'System', 'evaluacion@nexus.com'),
(2057, 'CIS-15', 4, '2025-12', 79, 'System', 'evaluacion@nexus.com'),
(2058, 'CIS-15', 4, '2026-01', 76, 'System', 'evaluacion@nexus.com'),
(2059, 'CIS-15', 4, '2026-02', 77, 'System', 'evaluacion@nexus.com'),
(2060, 'CIS-15', 4, '2026-03', 74, 'System', 'evaluacion@nexus.com'),
(2061, 'CIS-15', 4, '2026-04', 78, 'System', 'evaluacion@nexus.com'),
(2062, 'CIS-15', 4, '2026-05', 76, 'System', 'evaluacion@nexus.com'),
(2063, 'CIS-15', 4, '2026-06', 79, 'System', 'evaluacion@nexus.com'),
(2064, 'CIS-15', 4, '2026-07', 77, 'System', 'evaluacion@nexus.com'),
(2065, 'CIS-15', 5, '2025-08', 23, 'System', 'coordinador.cis@nexus.com'),
(2066, 'CIS-15', 5, '2025-09', 21, 'System', 'coordinador.cis@nexus.com'),
(2067, 'CIS-15', 5, '2025-10', 20, 'System', 'coordinador.cis@nexus.com'),
(2068, 'CIS-15', 5, '2025-11', 19, 'System', 'coordinador.cis@nexus.com'),
(2069, 'CIS-15', 5, '2025-12', 19, 'System', 'coordinador.cis@nexus.com'),
(2070, 'CIS-15', 5, '2026-01', 19, 'System', 'coordinador.cis@nexus.com'),
(2071, 'CIS-15', 5, '2026-02', 20, 'System', 'coordinador.cis@nexus.com'),
(2072, 'CIS-15', 5, '2026-03', 20, 'System', 'coordinador.cis@nexus.com'),
(2073, 'CIS-15', 5, '2026-04', 21, 'System', 'coordinador.cis@nexus.com'),
(2074, 'CIS-15', 5, '2026-05', 19, 'System', 'coordinador.cis@nexus.com'),
(2075, 'CIS-15', 5, '2026-06', 16, 'System', 'coordinador.cis@nexus.com'),
(2076, 'CIS-15', 5, '2026-07', 15, 'System', 'coordinador.cis@nexus.com'),
(2077, 'CIS-15', 6, '2025-08', 55, 'System', 'evaluacion@nexus.com'),
(2078, 'CIS-15', 6, '2025-09', 59, 'System', 'evaluacion@nexus.com'),
(2079, 'CIS-15', 6, '2025-10', 57, 'System', 'evaluacion@nexus.com'),
(2080, 'CIS-15', 6, '2025-11', 59, 'System', 'evaluacion@nexus.com'),
(2081, 'CIS-15', 6, '2025-12', 62, 'System', 'evaluacion@nexus.com'),
(2082, 'CIS-15', 6, '2026-01', 67, 'System', 'evaluacion@nexus.com'),
(2083, 'CIS-15', 6, '2026-02', 68, 'System', 'evaluacion@nexus.com'),
(2084, 'CIS-15', 6, '2026-03', 69, 'System', 'evaluacion@nexus.com'),
(2085, 'CIS-15', 6, '2026-04', 69, 'System', 'evaluacion@nexus.com'),
(2086, 'CIS-15', 6, '2026-05', 69, 'System', 'evaluacion@nexus.com'),
(2087, 'CIS-15', 6, '2026-06', 68, 'System', 'evaluacion@nexus.com'),
(2088, 'CIS-15', 6, '2026-07', 77, 'System', 'evaluacion@nexus.com'),
(2089, 'CIS-15', 7, '2025-08', 65, 'System', 'coordinador.cis@nexus.com'),
(2090, 'CIS-15', 7, '2025-09', 69, 'System', 'coordinador.cis@nexus.com'),
(2091, 'CIS-15', 7, '2025-10', 70, 'System', 'coordinador.cis@nexus.com'),
(2092, 'CIS-15', 7, '2025-11', 73, 'System', 'coordinador.cis@nexus.com'),
(2093, 'CIS-15', 7, '2025-12', 71, 'System', 'coordinador.cis@nexus.com'),
(2094, 'CIS-15', 7, '2026-01', 76, 'System', 'coordinador.cis@nexus.com'),
(2095, 'CIS-15', 7, '2026-02', 80, 'System', 'coordinador.cis@nexus.com'),
(2096, 'CIS-15', 7, '2026-03', 80, 'System', 'coordinador.cis@nexus.com'),
(2097, 'CIS-15', 7, '2026-04', 82, 'System', 'coordinador.cis@nexus.com'),
(2098, 'CIS-15', 7, '2026-05', 83, 'System', 'coordinador.cis@nexus.com'),
(2099, 'CIS-15', 7, '2026-06', 84, 'System', 'coordinador.cis@nexus.com'),
(2100, 'CIS-15', 7, '2026-07', 85, 'System', 'coordinador.cis@nexus.com'),
(2101, 'CIS-15', 8, '2025-08', 45, 'System', 'bienestar@nexus.com'),
(2102, 'CIS-15', 8, '2025-09', 44, 'System', 'bienestar@nexus.com'),
(2103, 'CIS-15', 8, '2025-10', 44, 'System', 'bienestar@nexus.com'),
(2104, 'CIS-15', 8, '2025-11', 49, 'System', 'bienestar@nexus.com'),
(2105, 'CIS-15', 8, '2025-12', 48, 'System', 'bienestar@nexus.com'),
(2106, 'CIS-15', 8, '2026-01', 53, 'System', 'bienestar@nexus.com'),
(2107, 'CIS-15', 8, '2026-02', 57, 'System', 'bienestar@nexus.com'),
(2108, 'CIS-15', 8, '2026-03', 62, 'System', 'bienestar@nexus.com'),
(2109, 'CIS-15', 8, '2026-04', 60, 'System', 'bienestar@nexus.com'),
(2110, 'CIS-15', 8, '2026-05', 65, 'System', 'bienestar@nexus.com'),
(2111, 'CIS-15', 8, '2026-06', 65, 'System', 'bienestar@nexus.com'),
(2112, 'CIS-15', 8, '2026-07', 68, 'System', 'bienestar@nexus.com'),
(2113, 'CIS-15', 9, '2025-08', 66, 'System', 'coordinador.cis@nexus.com'),
(2114, 'CIS-15', 9, '2025-09', 68, 'System', 'coordinador.cis@nexus.com'),
(2115, 'CIS-15', 9, '2025-10', 70, 'System', 'coordinador.cis@nexus.com'),
(2116, 'CIS-15', 9, '2025-11', 69, 'System', 'coordinador.cis@nexus.com'),
(2117, 'CIS-15', 9, '2025-12', 71, 'System', 'coordinador.cis@nexus.com'),
(2118, 'CIS-15', 9, '2026-01', 69, 'System', 'coordinador.cis@nexus.com'),
(2119, 'CIS-15', 9, '2026-02', 70, 'System', 'coordinador.cis@nexus.com'),
(2120, 'CIS-15', 9, '2026-03', 72, 'System', 'coordinador.cis@nexus.com'),
(2121, 'CIS-15', 9, '2026-04', 72, 'System', 'coordinador.cis@nexus.com'),
(2122, 'CIS-15', 9, '2026-05', 75, 'System', 'coordinador.cis@nexus.com'),
(2123, 'CIS-15', 9, '2026-06', 79, 'System', 'coordinador.cis@nexus.com'),
(2124, 'CIS-15', 9, '2026-07', 82, 'System', 'coordinador.cis@nexus.com'),
(2125, 'CIS-15', 10, '2025-08', 63, 'System', 'bienestar@nexus.com'),
(2126, 'CIS-15', 10, '2025-09', 62, 'System', 'bienestar@nexus.com'),
(2127, 'CIS-15', 10, '2025-10', 62, 'System', 'bienestar@nexus.com'),
(2128, 'CIS-15', 10, '2025-11', 66, 'System', 'bienestar@nexus.com'),
(2129, 'CIS-15', 10, '2025-12', 66, 'System', 'bienestar@nexus.com'),
(2130, 'CIS-15', 10, '2026-01', 67, 'System', 'bienestar@nexus.com'),
(2131, 'CIS-15', 10, '2026-02', 66, 'System', 'bienestar@nexus.com'),
(2132, 'CIS-15', 10, '2026-03', 68, 'System', 'bienestar@nexus.com'),
(2133, 'CIS-15', 10, '2026-04', 71, 'System', 'bienestar@nexus.com'),
(2134, 'CIS-15', 10, '2026-05', 70, 'System', 'bienestar@nexus.com'),
(2135, 'CIS-15', 10, '2026-06', 70, 'System', 'bienestar@nexus.com'),
(2136, 'CIS-15', 10, '2026-07', 71, 'System', 'bienestar@nexus.com'),
(2137, 'CIS-15', 11, '2025-08', 40, 'System', 'bienestar@nexus.com'),
(2138, 'CIS-15', 11, '2025-09', 42, 'System', 'bienestar@nexus.com'),
(2139, 'CIS-15', 11, '2025-10', 43, 'System', 'bienestar@nexus.com'),
(2140, 'CIS-15', 11, '2025-11', 45, 'System', 'bienestar@nexus.com'),
(2141, 'CIS-15', 11, '2025-12', 46, 'System', 'bienestar@nexus.com'),
(2142, 'CIS-15', 11, '2026-01', 48, 'System', 'bienestar@nexus.com'),
(2143, 'CIS-15', 11, '2026-02', 49, 'System', 'bienestar@nexus.com'),
(2144, 'CIS-15', 11, '2026-03', 52, 'System', 'bienestar@nexus.com'),
(2145, 'CIS-15', 11, '2026-04', 55, 'System', 'bienestar@nexus.com'),
(2146, 'CIS-15', 11, '2026-05', 57, 'System', 'bienestar@nexus.com'),
(2147, 'CIS-15', 11, '2026-06', 60, 'System', 'bienestar@nexus.com'),
(2148, 'CIS-15', 11, '2026-07', 66, 'System', 'bienestar@nexus.com'),
(2149, 'CIS-15', 12, '2025-08', 53, 'System', 'bienestar@nexus.com'),
(2150, 'CIS-15', 12, '2025-09', 53, 'System', 'bienestar@nexus.com'),
(2151, 'CIS-15', 12, '2025-10', 54, 'System', 'bienestar@nexus.com'),
(2152, 'CIS-15', 12, '2025-11', 56, 'System', 'bienestar@nexus.com'),
(2153, 'CIS-15', 12, '2025-12', 55, 'System', 'bienestar@nexus.com'),
(2154, 'CIS-15', 12, '2026-01', 58, 'System', 'bienestar@nexus.com'),
(2155, 'CIS-15', 12, '2026-02', 61, 'System', 'bienestar@nexus.com'),
(2156, 'CIS-15', 12, '2026-03', 62, 'System', 'bienestar@nexus.com'),
(2157, 'CIS-15', 12, '2026-04', 63, 'System', 'bienestar@nexus.com'),
(2158, 'CIS-15', 12, '2026-05', 65, 'System', 'bienestar@nexus.com'),
(2159, 'CIS-15', 12, '2026-06', 67, 'System', 'bienestar@nexus.com'),
(2160, 'CIS-15', 12, '2026-07', 68, 'System', 'bienestar@nexus.com');

